claim,n,mean,std,median,min,max,ci95_low,ci95_high,source
synthetic.RuleEngine.precision,10,0.7145983045087905,0.0948004970476575,0.702020202020202,0.5384615384615384,0.8666666666666667,0.6467821142562971,0.7824144947612839,raw_runs/synthetic/seed_*.json::[rule_engine][precision]
synthetic.RuleEngine.recall,10,0.9328571428571429,0.06287197195608517,0.9333333333333333,0.8,1.0,0.8878812435263634,0.9778330421879224,raw_runs/synthetic/seed_*.json::[rule_engine][recall]
synthetic.RuleEngine.f1,10,0.8048056201634507,0.06265224024232831,0.8116554054054055,0.6829268292682926,0.8749999999999999,0.7599869074315679,0.8496243328953335,raw_runs/synthetic/seed_*.json::[rule_engine][f1]
synthetic.RuleEngine.accuracy,10,0.961433682756889,0.015450667417289411,0.963592994790032,0.9273743016759777,0.9776536312849162,0.9503809411180751,0.9724864243957029,raw_runs/synthetic/seed_*.json::[rule_engine][accuracy]
synthetic.RuleEngine.balanced_accuracy,10,0.9484407665505227,0.03043941630706298,0.9517566782810685,0.8817073170731707,0.9847560975609756,0.9266657198815491,0.9702158132194962,raw_runs/synthetic/seed_*.json::[rule_engine][balanced_accuracy]
synthetic.RuleEngine.mcc,10,0.7953546196132202,0.06417053791926146,0.8048915796928311,0.6764188791054097,0.8648204955327312,0.7494497821528241,0.8412594570736163,raw_runs/synthetic/seed_*.json::[rule_engine][mcc]
synthetic.RuleEngine.fpr,10,0.035975609756097565,0.017353962769216715,0.03353658536585366,0.012195121951219513,0.07317073170731707,0.02356133264318059,0.04838988686901454,raw_runs/synthetic/seed_*.json::[rule_engine][fpr]
synthetic.RuleEngine.fnr,10,0.06714285714285714,0.0628719719560852,0.06666666666666667,0.0,0.2,0.022166957812077642,0.11211875647363664,raw_runs/synthetic/seed_*.json::[rule_engine][fnr]
synthetic.RuleEngine.specificity,10,0.9640243902439025,0.017353962769216705,0.9664634146341463,0.926829268292683,0.9878048780487805,0.9516101131309855,0.9764386673568195,raw_runs/synthetic/seed_*.json::[rule_engine][specificity]
synthetic.RuleEngine.roc_auc,10,0.9528455284552846,0.031154116052006357,0.9536585365853658,0.8853658536585366,0.991869918699187,0.9305592163880703,0.9751318405224989,raw_runs/synthetic/seed_*.json::[rule_engine][roc_auc]
synthetic.RuleEngine.pr_auc,10,0.7403173057814314,0.0795572940137438,0.7414406390845546,0.6167597765363129,0.8666666666666667,0.6834054460883612,0.7972291654745016,raw_runs/synthetic/seed_*.json::[rule_engine][pr_auc]
synthetic.GraphSAGE.precision,10,0.34155844155844156,0.3093493556410809,0.2792207792207792,0.0,1.0,0.12026324364301916,0.5628536394738639,raw_runs/synthetic/seed_*.json::[graphsage][precision]
synthetic.GraphSAGE.recall,10,0.5016666666666667,0.3636619309193636,0.5,0.0,1.0,0.24151859294487316,0.7618147403884603,raw_runs/synthetic/seed_*.json::[graphsage][recall]
synthetic.GraphSAGE.f1,10,0.32243697478991595,0.1942125841370271,0.3764705882352941,0.0,0.5714285714285715,0.18350566150108485,0.4613682880787471,raw_runs/synthetic/seed_*.json::[graphsage][f1]
synthetic.GraphSAGE.accuracy,10,0.8513513513513514,0.07564349380066064,0.8783783783783784,0.7027027027027027,0.9459459459459459,0.7972392556692997,0.9054634470334032,raw_runs/synthetic/seed_*.json::[graphsage][accuracy]
synthetic.GraphSAGE.balanced_accuracy,10,0.6948679547576606,0.14279347978530202,0.7017992424242424,0.4861111111111111,0.9428571428571428,0.5927196528656623,0.7970162566496589,raw_runs/synthetic/seed_*.json::[graphsage][balanced_accuracy]
synthetic.GraphSAGE.mcc,10,0.31205120932955066,0.19849133050263804,0.36685331565512236,-0.027777777777777776,0.5433581647846062,0.1700590652791829,0.4540433533799184,raw_runs/synthetic/seed_*.json::[graphsage][mcc]
synthetic.GraphSAGE.fpr,10,0.1119307571513454,0.10945686891828889,0.08839285714285713,0.0,0.3235294117647059,0.03363003006472165,0.19023148423796915,raw_runs/synthetic/seed_*.json::[graphsage][fpr]
synthetic.GraphSAGE.fnr,10,0.49833333333333335,0.36366193091936366,0.5,0.0,1.0,0.2381852596115398,0.7584814070551269,raw_runs/synthetic/seed_*.json::[graphsage][fnr]
synthetic.GraphSAGE.specificity,10,0.8880692428486547,0.10945686891828887,0.9116071428571428,0.6764705882352942,1.0,0.809768515762031,0.9663699699352785,raw_runs/synthetic/seed_*.json::[graphsage][specificity]
synthetic.GraphSAGE.roc_auc,10,0.8289261310584841,0.1594828918073428,0.8737132352941177,0.53125,1.0,0.7148389430199291,0.9430133190970391,raw_runs/synthetic/seed_*.json::[graphsage][roc_auc]
synthetic.GraphSAGE.pr_auc,10,0.5908933431632672,0.2445198265731673,0.5276875901875901,0.19166666666666665,1.0,0.41597439657740276,0.7658122897491317,raw_runs/synthetic/seed_*.json::[graphsage][pr_auc]
synthetic.clean_nodes,10,80.0,0.0,80.0,80.0,80.0,80.0,80.0,raw
synthetic.clean_edges,10,179.0,0.0,179.0,179.0,179.0,179.0,179.0,raw
synthetic.poisoned_edges,10,178.9,0.31622776601683794,179.0,178.0,179.0,178.67378428372018,179.12621571627983,raw
synthetic.ground_truth_positives,10,19.9,0.3162277660168379,20.0,19.0,20.0,19.673784283720178,20.12621571627982,raw
synthetic.detectable_positives,10,14.9,0.31622776601683794,15.0,14.0,15.0,14.67378428372018,15.126215716279821,raw
synthetic.events_per_seed,10,19.9,0.3162277660168379,20.0,19.0,20.0,19.673784283720178,20.12621571627982,raw
synthetic.RE_clean_flagged_edges,10,0.0,0.0,0.0,0.0,0.0,0.0,0.0,raw
synthetic.RE_clean_fpr,10,0.0,0.0,0.0,0.0,0.0,0.0,0.0,raw
mimicry.none.RuleEngine.precision,10,0.7145983045087905,0.0948004970476575,0.702020202020202,0.5384615384615384,0.8666666666666667,0.6467821142562971,0.7824144947612839,raw_runs/synthetic/seed_*.json::mimicry.none.rule_engine.precision
mimicry.none.RuleEngine.recall,10,0.9328571428571429,0.06287197195608517,0.9333333333333333,0.8,1.0,0.8878812435263634,0.9778330421879224,raw_runs/synthetic/seed_*.json::mimicry.none.rule_engine.recall
mimicry.none.RuleEngine.f1,10,0.8048056201634507,0.06265224024232831,0.8116554054054055,0.6829268292682926,0.8749999999999999,0.7599869074315679,0.8496243328953335,raw_runs/synthetic/seed_*.json::mimicry.none.rule_engine.f1
mimicry.none.RuleEngine.roc_auc,10,0.9528455284552846,0.031154116052006357,0.9536585365853658,0.8853658536585366,0.991869918699187,0.9305592163880703,0.9751318405224989,raw_runs/synthetic/seed_*.json::mimicry.none.rule_engine.roc_auc
mimicry.none.RuleEngine.pr_auc,10,0.7403173057814314,0.0795572940137438,0.7414406390845546,0.6167597765363129,0.8666666666666667,0.6834054460883612,0.7972291654745016,raw_runs/synthetic/seed_*.json::mimicry.none.rule_engine.pr_auc
mimicry.none.GraphSAGE.precision,10,0.34155844155844156,0.3093493556410809,0.2792207792207792,0.0,1.0,0.12026324364301916,0.5628536394738639,raw_runs/synthetic/seed_*.json::mimicry.none.graphsage.precision
mimicry.none.GraphSAGE.recall,10,0.5016666666666667,0.3636619309193636,0.5,0.0,1.0,0.24151859294487316,0.7618147403884603,raw_runs/synthetic/seed_*.json::mimicry.none.graphsage.recall
mimicry.none.GraphSAGE.f1,10,0.32243697478991595,0.1942125841370271,0.3764705882352941,0.0,0.5714285714285715,0.18350566150108485,0.4613682880787471,raw_runs/synthetic/seed_*.json::mimicry.none.graphsage.f1
mimicry.none.GraphSAGE.roc_auc,10,0.8289261310584841,0.1594828918073428,0.8737132352941177,0.53125,1.0,0.7148389430199291,0.9430133190970391,raw_runs/synthetic/seed_*.json::mimicry.none.graphsage.roc_auc
mimicry.none.GraphSAGE.pr_auc,10,0.5908933431632672,0.2445198265731673,0.5276875901875901,0.19166666666666665,1.0,0.41597439657740276,0.7658122897491317,raw_runs/synthetic/seed_*.json::mimicry.none.graphsage.pr_auc
mimicry.none.base_edges,10,178.9,0.31622776601683794,179.0,178.0,179.0,178.67378428372018,179.12621571627983,raw
mimicry.none.noise_edges,10,0.0,0.0,0.0,0.0,0.0,0.0,0.0,raw
mimicry.none.final_edges,10,178.9,0.31622776601683794,179.0,178.0,179.0,178.67378428372018,179.12621571627983,raw
mimicry.none.noise_self_violations,10,0.0,0.0,0.0,0.0,0.0,0.0,0.0,raw
mimicry.light.RuleEngine.precision,10,0.7145983045087905,0.0948004970476575,0.702020202020202,0.5384615384615384,0.8666666666666667,0.6467821142562971,0.7824144947612839,raw_runs/synthetic/seed_*.json::mimicry.light.rule_engine.precision
mimicry.light.RuleEngine.recall,10,0.9328571428571429,0.06287197195608517,0.9333333333333333,0.8,1.0,0.8878812435263634,0.9778330421879224,raw_runs/synthetic/seed_*.json::mimicry.light.rule_engine.recall
mimicry.light.RuleEngine.f1,10,0.8048056201634507,0.06265224024232831,0.8116554054054055,0.6829268292682926,0.8749999999999999,0.7599869074315679,0.8496243328953335,raw_runs/synthetic/seed_*.json::mimicry.light.rule_engine.f1
mimicry.light.RuleEngine.roc_auc,10,0.9557651778046514,0.03109914010090846,0.9561783611125716,0.8885167464114831,0.9936204146730463,0.9335181931637173,0.9780121624455855,raw_runs/synthetic/seed_*.json::mimicry.light.rule_engine.roc_auc
mimicry.light.RuleEngine.pr_auc,10,0.7391958826610362,0.08010280664433085,0.740879485852312,0.6133928571428572,0.8666666666666667,0.6818937867403813,0.7964979785816911,raw_runs/synthetic/seed_*.json::mimicry.light.rule_engine.pr_auc
mimicry.light.GraphSAGE.precision,10,0.4138440860215054,0.3663869088091505,0.29166666666666663,0.0,1.0,0.15174668054763546,0.6759414914953754,raw_runs/synthetic/seed_*.json::mimicry.light.graphsage.precision
mimicry.light.GraphSAGE.recall,10,0.49833333333333335,0.2582526755804177,0.5,0.0,1.0,0.3135904983714799,0.6830761682951868,raw_runs/synthetic/seed_*.json::mimicry.light.graphsage.recall
mimicry.light.GraphSAGE.f1,10,0.3736580086580087,0.22051238838666296,0.4,0.0,0.6666666666666666,0.21591294877352396,0.5314030685424934,raw_runs/synthetic/seed_*.json::mimicry.light.graphsage.f1
mimicry.light.GraphSAGE.roc_auc,10,0.7826218622085043,0.15315066685516218,0.80218715393134,0.5535714285714286,1.0,0.6730644750196514,0.8921792493973572,raw_runs/synthetic/seed_*.json::mimicry.light.graphsage.roc_auc
mimicry.light.GraphSAGE.pr_auc,10,0.49396542140817273,0.293877656266328,0.47801824460700115,0.08333333333333333,1.0,0.28373801048758185,0.7041928323287636,raw_runs/synthetic/seed_*.json::mimicry.light.graphsage.pr_auc
mimicry.light.base_edges,10,178.9,0.31622776601683794,179.0,178.0,179.0,178.67378428372018,179.12621571627983,raw
mimicry.light.noise_edges,10,44.9,0.3162277660168379,45.0,44.0,45.0,44.67378428372018,45.126215716279816,raw
mimicry.light.final_edges,10,223.8,0.6324555320336759,224.0,222.0,224.0,223.34756856744036,224.25243143255966,raw
mimicry.light.noise_self_violations,10,0.0,0.0,0.0,0.0,0.0,0.0,0.0,raw
mimicry.medium.RuleEngine.precision,10,0.7145983045087905,0.0948004970476575,0.702020202020202,0.5384615384615384,0.8666666666666667,0.6467821142562971,0.7824144947612839,raw_runs/synthetic/seed_*.json::mimicry.medium.rule_engine.precision
mimicry.medium.RuleEngine.recall,10,0.9328571428571429,0.06287197195608517,0.9333333333333333,0.8,1.0,0.8878812435263634,0.9778330421879224,raw_runs/synthetic/seed_*.json::mimicry.medium.rule_engine.recall
mimicry.medium.RuleEngine.f1,10,0.8048056201634507,0.06265224024232831,0.8116554054054055,0.6829268292682926,0.8749999999999999,0.7599869074315679,0.8496243328953335,raw_runs/synthetic/seed_*.json::mimicry.medium.rule_engine.f1
mimicry.medium.RuleEngine.roc_auc,10,0.9576550831343711,0.031097258714266274,0.9578292214461335,0.8905511811023622,0.9947506561679791,0.9354094443563643,0.9799007219123779,raw_runs/synthetic/seed_*.json::mimicry.medium.rule_engine.roc_auc
mimicry.medium.RuleEngine.pr_auc,10,0.7384478318099978,0.08047208066344468,0.7405060790546487,0.6111524163568773,0.8666666666666667,0.6808815731695743,0.7960140904504214,raw_runs/synthetic/seed_*.json::mimicry.medium.rule_engine.pr_auc
mimicry.medium.GraphSAGE.precision,10,0.3306425518925519,0.3937527138739286,0.17067307692307693,0.0,1.0,0.0489688287781459,0.6123162750069578,raw_runs/synthetic/seed_*.json::mimicry.medium.graphsage.precision
mimicry.medium.GraphSAGE.recall,10,0.5,0.408248290463863,0.5,0.0,1.0,0.20795676606595775,0.7920432339340422,raw_runs/synthetic/seed_*.json::mimicry.medium.graphsage.recall
mimicry.medium.GraphSAGE.f1,10,0.30435078337555116,0.2603274167233198,0.28289473684210525,0.0,0.6666666666666666,0.11812376800902122,0.4905777987420811,raw_runs/synthetic/seed_*.json::mimicry.medium.graphsage.f1
mimicry.medium.GraphSAGE.roc_auc,10,0.761458069762335,0.22511016995560754,0.8569427771108444,0.3129251700680272,1.0,0.6004239550803612,0.9224921844443088,raw_runs/synthetic/seed_*.json::mimicry.medium.graphsage.roc_auc
mimicry.medium.GraphSAGE.pr_auc,10,0.4304910930517837,0.28103062301842896,0.37201206140350873,0.034482758620689655,1.0,0.2294538960863121,0.6315282900172553,raw_runs/synthetic/seed_*.json::mimicry.medium.graphsage.pr_auc
mimicry.medium.base_edges,10,178.9,0.31622776601683794,179.0,178.0,179.0,178.67378428372018,179.12621571627983,raw
mimicry.medium.noise_edges,10,89.9,0.31622776601683794,90.0,89.0,90.0,89.67378428372018,90.12621571627983,raw
mimicry.medium.final_edges,10,268.8,0.6324555320336759,269.0,267.0,269.0,268.34756856744036,269.25243143255966,raw
mimicry.medium.noise_self_violations,10,0.0,0.0,0.0,0.0,0.0,0.0,0.0,raw
mimicry.heavy.RuleEngine.precision,10,0.7145983045087905,0.0948004970476575,0.702020202020202,0.5384615384615384,0.8666666666666667,0.6467821142562971,0.7824144947612839,raw_runs/synthetic/seed_*.json::mimicry.heavy.rule_engine.precision
mimicry.heavy.RuleEngine.recall,10,0.9328571428571429,0.06287197195608517,0.9333333333333333,0.8,1.0,0.8878812435263634,0.9778330421879224,raw_runs/synthetic/seed_*.json::mimicry.heavy.rule_engine.recall
mimicry.heavy.RuleEngine.f1,10,0.8048056201634507,0.06265224024232831,0.8116554054054055,0.6829268292682926,0.8749999999999999,0.7599869074315679,0.8496243328953335,raw_runs/synthetic/seed_*.json::mimicry.heavy.rule_engine.f1
mimicry.heavy.RuleEngine.roc_auc,10,0.95993222853051,0.031130379988897026,0.9600583090379009,0.893002915451895,0.9961127308066083,0.9376628962199615,0.9822015608410585,raw_runs/synthetic/seed_*.json::mimicry.heavy.rule_engine.roc_auc
mimicry.heavy.RuleEngine.pr_auc,10,0.73752244042458,0.08093509681927444,0.7400439910398618,0.6083798882681565,0.8666666666666667,0.6796249599795077,0.7954199208696524,raw_runs/synthetic/seed_*.json::mimicry.heavy.rule_engine.pr_auc
mimicry.heavy.GraphSAGE.precision,10,0.5733333333333334,0.38258380829613053,0.6666666666666666,0.0,1.0,0.2996493639561395,0.8470173027105272,raw_runs/synthetic/seed_*.json::mimicry.heavy.graphsage.precision
mimicry.heavy.GraphSAGE.recall,10,0.54,0.3717824931626316,0.5,0.0,1.0,0.2740428259971201,0.8059571740028799,raw_runs/synthetic/seed_*.json::mimicry.heavy.graphsage.recall
mimicry.heavy.GraphSAGE.f1,10,0.5417604617604618,0.3546867097753486,0.5714285714285715,0.0,1.0,0.2880328744666533,0.7954880490542702,raw_runs/synthetic/seed_*.json::mimicry.heavy.graphsage.f1
mimicry.heavy.GraphSAGE.roc_auc,8,0.8942988064791133,0.11411869859549398,0.9130434782608696,0.6992753623188406,1.0,0.7988931869041253,0.9897044260541014,raw_runs/synthetic/seed_*.json::mimicry.heavy.graphsage.roc_auc
mimicry.heavy.GraphSAGE.pr_auc,8,0.7216241657647908,0.2402802395175109,0.6270585317460318,0.4131944444444444,1.0,0.5207448584739536,0.9225034730556281,raw_runs/synthetic/seed_*.json::mimicry.heavy.graphsage.pr_auc
mimicry.heavy.base_edges,10,178.9,0.31622776601683794,179.0,178.0,179.0,178.67378428372018,179.12621571627983,raw
mimicry.heavy.noise_edges,10,178.9,0.31622776601683794,179.0,178.0,179.0,178.67378428372018,179.12621571627983,raw
mimicry.heavy.final_edges,10,357.8,0.6324555320336759,358.0,356.0,358.0,357.34756856744036,358.25243143255966,raw
mimicry.heavy.noise_self_violations,10,0.0,0.0,0.0,0.0,0.0,0.0,0.0,raw
ablation.all_rules.precision,10,0.7145983045087905,0.0948004970476575,0.702020202020202,0.5384615384615384,0.8666666666666667,0.6467821142562971,0.7824144947612839,raw_runs/ablation/seed_*.json::variants[all_rules].metrics[precision]
ablation.all_rules.recall,10,0.9328571428571429,0.06287197195608517,0.9333333333333333,0.8,1.0,0.8878812435263634,0.9778330421879224,raw_runs/ablation/seed_*.json::variants[all_rules].metrics[recall]
ablation.all_rules.f1,10,0.8048056201634507,0.06265224024232831,0.8116554054054055,0.6829268292682926,0.8749999999999999,0.7599869074315679,0.8496243328953335,raw_runs/ablation/seed_*.json::variants[all_rules].metrics[f1]
ablation.all_rules.accuracy,10,0.961433682756889,0.015450667417289411,0.963592994790032,0.9273743016759777,0.9776536312849162,0.9503809411180751,0.9724864243957029,raw_runs/ablation/seed_*.json::variants[all_rules].metrics[accuracy]
ablation.all_rules.balanced_accuracy,10,0.9484407665505227,0.03043941630706298,0.9517566782810685,0.8817073170731707,0.9847560975609756,0.9266657198815491,0.9702158132194962,raw_runs/ablation/seed_*.json::variants[all_rules].metrics[balanced_accuracy]
ablation.all_rules.mcc,10,0.7953546196132202,0.06417053791926146,0.8048915796928311,0.6764188791054097,0.8648204955327312,0.7494497821528241,0.8412594570736163,raw_runs/ablation/seed_*.json::variants[all_rules].metrics[mcc]
ablation.all_rules.roc_auc,10,0.9528455284552846,0.031154116052006357,0.9536585365853658,0.8853658536585366,0.991869918699187,0.9305592163880703,0.9751318405224989,raw_runs/ablation/seed_*.json::variants[all_rules].metrics[roc_auc]
ablation.all_rules.pr_auc,10,0.7403173057814314,0.0795572940137438,0.7414406390845546,0.6167597765363129,0.8666666666666667,0.6834054460883612,0.7972291654745016,raw_runs/ablation/seed_*.json::variants[all_rules].metrics[pr_auc]
ablation.loo_DeleteConsistencyRule.precision,10,0.7145983045087905,0.0948004970476575,0.702020202020202,0.5384615384615384,0.8666666666666667,0.6467821142562971,0.7824144947612839,raw_runs/ablation/seed_*.json::variants[loo_DeleteConsistencyRule].metrics[precision]
ablation.loo_DeleteConsistencyRule.recall,10,0.9328571428571429,0.06287197195608517,0.9333333333333333,0.8,1.0,0.8878812435263634,0.9778330421879224,raw_runs/ablation/seed_*.json::variants[loo_DeleteConsistencyRule].metrics[recall]
ablation.loo_DeleteConsistencyRule.f1,10,0.8048056201634507,0.06265224024232831,0.8116554054054055,0.6829268292682926,0.8749999999999999,0.7599869074315679,0.8496243328953335,raw_runs/ablation/seed_*.json::variants[loo_DeleteConsistencyRule].metrics[f1]
ablation.loo_DeleteConsistencyRule.accuracy,10,0.961433682756889,0.015450667417289411,0.963592994790032,0.9273743016759777,0.9776536312849162,0.9503809411180751,0.9724864243957029,raw_runs/ablation/seed_*.json::variants[loo_DeleteConsistencyRule].metrics[accuracy]
ablation.loo_DeleteConsistencyRule.balanced_accuracy,10,0.9484407665505227,0.03043941630706298,0.9517566782810685,0.8817073170731707,0.9847560975609756,0.9266657198815491,0.9702158132194962,raw_runs/ablation/seed_*.json::variants[loo_DeleteConsistencyRule].metrics[balanced_accuracy]
ablation.loo_DeleteConsistencyRule.mcc,10,0.7953546196132202,0.06417053791926146,0.8048915796928311,0.6764188791054097,0.8648204955327312,0.7494497821528241,0.8412594570736163,raw_runs/ablation/seed_*.json::variants[loo_DeleteConsistencyRule].metrics[mcc]
ablation.loo_DeleteConsistencyRule.roc_auc,10,0.9528455284552846,0.031154116052006357,0.9536585365853658,0.8853658536585366,0.991869918699187,0.9305592163880703,0.9751318405224989,raw_runs/ablation/seed_*.json::variants[loo_DeleteConsistencyRule].metrics[roc_auc]
ablation.loo_DeleteConsistencyRule.pr_auc,10,0.7403173057814314,0.0795572940137438,0.7414406390845546,0.6167597765363129,0.8666666666666667,0.6834054460883612,0.7972291654745016,raw_runs/ablation/seed_*.json::variants[loo_DeleteConsistencyRule].metrics[pr_auc]
ablation.loo_DuplicateEdgeRule.precision,10,0.7145983045087905,0.0948004970476575,0.702020202020202,0.5384615384615384,0.8666666666666667,0.6467821142562971,0.7824144947612839,raw_runs/ablation/seed_*.json::variants[loo_DuplicateEdgeRule].metrics[precision]
ablation.loo_DuplicateEdgeRule.recall,10,0.9328571428571429,0.06287197195608517,0.9333333333333333,0.8,1.0,0.8878812435263634,0.9778330421879224,raw_runs/ablation/seed_*.json::variants[loo_DuplicateEdgeRule].metrics[recall]
ablation.loo_DuplicateEdgeRule.f1,10,0.8048056201634507,0.06265224024232831,0.8116554054054055,0.6829268292682926,0.8749999999999999,0.7599869074315679,0.8496243328953335,raw_runs/ablation/seed_*.json::variants[loo_DuplicateEdgeRule].metrics[f1]
ablation.loo_DuplicateEdgeRule.accuracy,10,0.961433682756889,0.015450667417289411,0.963592994790032,0.9273743016759777,0.9776536312849162,0.9503809411180751,0.9724864243957029,raw_runs/ablation/seed_*.json::variants[loo_DuplicateEdgeRule].metrics[accuracy]
ablation.loo_DuplicateEdgeRule.balanced_accuracy,10,0.9484407665505227,0.03043941630706298,0.9517566782810685,0.8817073170731707,0.9847560975609756,0.9266657198815491,0.9702158132194962,raw_runs/ablation/seed_*.json::variants[loo_DuplicateEdgeRule].metrics[balanced_accuracy]
ablation.loo_DuplicateEdgeRule.mcc,10,0.7953546196132202,0.06417053791926146,0.8048915796928311,0.6764188791054097,0.8648204955327312,0.7494497821528241,0.8412594570736163,raw_runs/ablation/seed_*.json::variants[loo_DuplicateEdgeRule].metrics[mcc]
ablation.loo_DuplicateEdgeRule.roc_auc,10,0.9528455284552846,0.031154116052006357,0.9536585365853658,0.8853658536585366,0.991869918699187,0.9305592163880703,0.9751318405224989,raw_runs/ablation/seed_*.json::variants[loo_DuplicateEdgeRule].metrics[roc_auc]
ablation.loo_DuplicateEdgeRule.pr_auc,10,0.7403173057814314,0.0795572940137438,0.7414406390845546,0.6167597765363129,0.8666666666666667,0.6834054460883612,0.7972291654745016,raw_runs/ablation/seed_*.json::variants[loo_DuplicateEdgeRule].metrics[pr_auc]
ablation.loo_DuplicateEventRule.precision,10,0.7145983045087905,0.0948004970476575,0.702020202020202,0.5384615384615384,0.8666666666666667,0.6467821142562971,0.7824144947612839,raw_runs/ablation/seed_*.json::variants[loo_DuplicateEventRule].metrics[precision]
ablation.loo_DuplicateEventRule.recall,10,0.9328571428571429,0.06287197195608517,0.9333333333333333,0.8,1.0,0.8878812435263634,0.9778330421879224,raw_runs/ablation/seed_*.json::variants[loo_DuplicateEventRule].metrics[recall]
ablation.loo_DuplicateEventRule.f1,10,0.8048056201634507,0.06265224024232831,0.8116554054054055,0.6829268292682926,0.8749999999999999,0.7599869074315679,0.8496243328953335,raw_runs/ablation/seed_*.json::variants[loo_DuplicateEventRule].metrics[f1]
ablation.loo_DuplicateEventRule.accuracy,10,0.961433682756889,0.015450667417289411,0.963592994790032,0.9273743016759777,0.9776536312849162,0.9503809411180751,0.9724864243957029,raw_runs/ablation/seed_*.json::variants[loo_DuplicateEventRule].metrics[accuracy]
ablation.loo_DuplicateEventRule.balanced_accuracy,10,0.9484407665505227,0.03043941630706298,0.9517566782810685,0.8817073170731707,0.9847560975609756,0.9266657198815491,0.9702158132194962,raw_runs/ablation/seed_*.json::variants[loo_DuplicateEventRule].metrics[balanced_accuracy]
ablation.loo_DuplicateEventRule.mcc,10,0.7953546196132202,0.06417053791926146,0.8048915796928311,0.6764188791054097,0.8648204955327312,0.7494497821528241,0.8412594570736163,raw_runs/ablation/seed_*.json::variants[loo_DuplicateEventRule].metrics[mcc]
ablation.loo_DuplicateEventRule.roc_auc,10,0.9528455284552846,0.031154116052006357,0.9536585365853658,0.8853658536585366,0.991869918699187,0.9305592163880703,0.9751318405224989,raw_runs/ablation/seed_*.json::variants[loo_DuplicateEventRule].metrics[roc_auc]
ablation.loo_DuplicateEventRule.pr_auc,10,0.7403173057814314,0.0795572940137438,0.7414406390845546,0.6167597765363129,0.8666666666666667,0.6834054460883612,0.7972291654745016,raw_runs/ablation/seed_*.json::variants[loo_DuplicateEventRule].metrics[pr_auc]
ablation.loo_ExecutionConsistencyRule.precision,10,0.7145983045087905,0.0948004970476575,0.702020202020202,0.5384615384615384,0.8666666666666667,0.6467821142562971,0.7824144947612839,raw_runs/ablation/seed_*.json::variants[loo_ExecutionConsistencyRule].metrics[precision]
ablation.loo_ExecutionConsistencyRule.recall,10,0.9328571428571429,0.06287197195608517,0.9333333333333333,0.8,1.0,0.8878812435263634,0.9778330421879224,raw_runs/ablation/seed_*.json::variants[loo_ExecutionConsistencyRule].metrics[recall]
ablation.loo_ExecutionConsistencyRule.f1,10,0.8048056201634507,0.06265224024232831,0.8116554054054055,0.6829268292682926,0.8749999999999999,0.7599869074315679,0.8496243328953335,raw_runs/ablation/seed_*.json::variants[loo_ExecutionConsistencyRule].metrics[f1]
ablation.loo_ExecutionConsistencyRule.accuracy,10,0.961433682756889,0.015450667417289411,0.963592994790032,0.9273743016759777,0.9776536312849162,0.9503809411180751,0.9724864243957029,raw_runs/ablation/seed_*.json::variants[loo_ExecutionConsistencyRule].metrics[accuracy]
ablation.loo_ExecutionConsistencyRule.balanced_accuracy,10,0.9484407665505227,0.03043941630706298,0.9517566782810685,0.8817073170731707,0.9847560975609756,0.9266657198815491,0.9702158132194962,raw_runs/ablation/seed_*.json::variants[loo_ExecutionConsistencyRule].metrics[balanced_accuracy]
ablation.loo_ExecutionConsistencyRule.mcc,10,0.7953546196132202,0.06417053791926146,0.8048915796928311,0.6764188791054097,0.8648204955327312,0.7494497821528241,0.8412594570736163,raw_runs/ablation/seed_*.json::variants[loo_ExecutionConsistencyRule].metrics[mcc]
ablation.loo_ExecutionConsistencyRule.roc_auc,10,0.9528455284552846,0.031154116052006357,0.9536585365853658,0.8853658536585366,0.991869918699187,0.9305592163880703,0.9751318405224989,raw_runs/ablation/seed_*.json::variants[loo_ExecutionConsistencyRule].metrics[roc_auc]
ablation.loo_ExecutionConsistencyRule.pr_auc,10,0.7403173057814314,0.0795572940137438,0.7414406390845546,0.6167597765363129,0.8666666666666667,0.6834054460883612,0.7972291654745016,raw_runs/ablation/seed_*.json::variants[loo_ExecutionConsistencyRule].metrics[pr_auc]
ablation.loo_MissingNodeRule.precision,10,0.7145983045087905,0.0948004970476575,0.702020202020202,0.5384615384615384,0.8666666666666667,0.6467821142562971,0.7824144947612839,raw_runs/ablation/seed_*.json::variants[loo_MissingNodeRule].metrics[precision]
ablation.loo_MissingNodeRule.recall,10,0.9328571428571429,0.06287197195608517,0.9333333333333333,0.8,1.0,0.8878812435263634,0.9778330421879224,raw_runs/ablation/seed_*.json::variants[loo_MissingNodeRule].metrics[recall]
ablation.loo_MissingNodeRule.f1,10,0.8048056201634507,0.06265224024232831,0.8116554054054055,0.6829268292682926,0.8749999999999999,0.7599869074315679,0.8496243328953335,raw_runs/ablation/seed_*.json::variants[loo_MissingNodeRule].metrics[f1]
ablation.loo_MissingNodeRule.accuracy,10,0.961433682756889,0.015450667417289411,0.963592994790032,0.9273743016759777,0.9776536312849162,0.9503809411180751,0.9724864243957029,raw_runs/ablation/seed_*.json::variants[loo_MissingNodeRule].metrics[accuracy]
ablation.loo_MissingNodeRule.balanced_accuracy,10,0.9484407665505227,0.03043941630706298,0.9517566782810685,0.8817073170731707,0.9847560975609756,0.9266657198815491,0.9702158132194962,raw_runs/ablation/seed_*.json::variants[loo_MissingNodeRule].metrics[balanced_accuracy]
ablation.loo_MissingNodeRule.mcc,10,0.7953546196132202,0.06417053791926146,0.8048915796928311,0.6764188791054097,0.8648204955327312,0.7494497821528241,0.8412594570736163,raw_runs/ablation/seed_*.json::variants[loo_MissingNodeRule].metrics[mcc]
ablation.loo_MissingNodeRule.roc_auc,10,0.9528455284552846,0.031154116052006357,0.9536585365853658,0.8853658536585366,0.991869918699187,0.9305592163880703,0.9751318405224989,raw_runs/ablation/seed_*.json::variants[loo_MissingNodeRule].metrics[roc_auc]
ablation.loo_MissingNodeRule.pr_auc,10,0.7403173057814314,0.0795572940137438,0.7414406390845546,0.6167597765363129,0.8666666666666667,0.6834054460883612,0.7972291654745016,raw_runs/ablation/seed_*.json::variants[loo_MissingNodeRule].metrics[pr_auc]
ablation.loo_NetworkConsistencyRule.precision,10,0.6877348983071491,0.10562054801931457,0.6698369565217391,0.5,0.8666666666666667,0.6121785098691261,0.763291286745172,raw_runs/ablation/seed_*.json::variants[loo_NetworkConsistencyRule].metrics[precision]
ablation.loo_NetworkConsistencyRule.recall,10,0.8252380952380951,0.10089171582441975,0.8333333333333334,0.6666666666666666,1.0,0.7530645095678666,0.8974116809083236,raw_runs/ablation/seed_*.json::variants[loo_NetworkConsistencyRule].metrics[recall]
ablation.loo_NetworkConsistencyRule.f1,10,0.7455199768471094,0.08443163637275401,0.7507389162561576,0.6153846153846154,0.8666666666666667,0.6851212226854558,0.8059187310087629,raw_runs/ablation/seed_*.json::variants[loo_NetworkConsistencyRule].metrics[f1]
ablation.loo_NetworkConsistencyRule.accuracy,10,0.9524888582009918,0.018098496534799915,0.9551817211725566,0.9162011173184358,0.9776536312849162,0.9395419737171365,0.9654357426848471,raw_runs/ablation/seed_*.json::variants[loo_NetworkConsistencyRule].metrics[accuracy]
ablation.loo_NetworkConsistencyRule.balanced_accuracy,10,0.8946312427409989,0.05127640121198246,0.8948025551684089,0.8119918699186992,0.975609756097561,0.8579503150206848,0.9313121704613131,raw_runs/ablation/seed_*.json::variants[loo_NetworkConsistencyRule].metrics[balanced_accuracy]
ablation.loo_NetworkConsistencyRule.mcc,10,0.7262660184294403,0.09213522914124678,0.7313075630891901,0.5897376546613694,0.8544715447154472,0.6603564459800597,0.7921755908788208,raw_runs/ablation/seed_*.json::variants[loo_NetworkConsistencyRule].metrics[mcc]
ablation.loo_NetworkConsistencyRule.roc_auc,10,0.8983449477351918,0.05116521923112563,0.8980255516840883,0.8162601626016259,0.9804878048780488,0.861743554812703,0.9349463406576806,raw_runs/ablation/seed_*.json::variants[loo_NetworkConsistencyRule].metrics[roc_auc]
ablation.loo_NetworkConsistencyRule.pr_auc,10,0.6488868452193965,0.10446666594155621,0.6358073955839318,0.5024427648154234,0.7978398510242086,0.5741558942943739,0.7236177961444192,raw_runs/ablation/seed_*.json::variants[loo_NetworkConsistencyRule].metrics[pr_auc]
ablation.loo_ParentChildTemporalRule.precision,10,0.740445632798574,0.07113662913831059,0.75,0.6363636363636364,0.8666666666666667,0.6895575538770096,0.7913337117201384,raw_runs/ablation/seed_*.json::variants[loo_ParentChildTemporalRule].metrics[precision]
ablation.loo_ParentChildTemporalRule.recall,10,0.9195238095238096,0.06116571462843011,0.9333333333333333,0.8,1.0,0.8757684931557312,0.963279125891888,raw_runs/ablation/seed_*.json::variants[loo_ParentChildTemporalRule].metrics[recall]
ablation.loo_ParentChildTemporalRule.f1,10,0.8169558094961321,0.041178603880652316,0.8116554054054055,0.7567567567567568,0.8749999999999999,0.7874984108318771,0.8464132081603871,raw_runs/ablation/seed_*.json::variants[loo_ParentChildTemporalRule].metrics[f1]
ablation.loo_ParentChildTemporalRule.accuracy,10,0.9653474358169605,0.009409772870324068,0.9636871508379888,0.9497206703910615,0.9776536312849162,0.9586160898105588,0.9720787818233622,raw_runs/ablation/seed_*.json::variants[loo_ParentChildTemporalRule].metrics[accuracy]
ablation.loo_ParentChildTemporalRule.balanced_accuracy,10,0.9445180023228804,0.028073907052566176,0.9468495934959349,0.8878048780487805,0.9847560975609756,0.9244351390352487,0.9646008656105122,raw_runs/ablation/seed_*.json::variants[loo_ParentChildTemporalRule].metrics[balanced_accuracy]
ablation.loo_ParentChildTemporalRule.mcc,10,0.8059513149037748,0.04311759933187513,0.801979155616995,0.7465006167303438,0.8648204955327312,0.7751068424528418,0.8367957873547078,raw_runs/ablation/seed_*.json::variants[loo_ParentChildTemporalRule].metrics[mcc]
ablation.loo_ParentChildTemporalRule.roc_auc,10,0.9482084785133568,0.029408763731968615,0.9508130081300813,0.8902439024390244,0.9908536585365854,0.9271707162816334,0.9692462407450801,raw_runs/ablation/seed_*.json::variants[loo_ParentChildTemporalRule].metrics[roc_auc]
ablation.loo_ParentChildTemporalRule.pr_auc,10,0.7476483953849209,0.06059826088047554,0.7341176910158955,0.6667597765363129,0.85,0.7042990109742607,0.7909977797955811,raw_runs/ablation/seed_*.json::variants[loo_ParentChildTemporalRule].metrics[pr_auc]
ablation.loo_ProcessActivityTemporalRule.precision,10,0.7588600232756579,0.06134182403133339,0.75,0.6363636363636364,0.8571428571428571,0.7149787258300063,0.8027413207213095,raw_runs/ablation/seed_*.json::variants[loo_ProcessActivityTemporalRule].metrics[precision]
ablation.loo_ProcessActivityTemporalRule.recall,10,0.9195238095238096,0.07560789170438398,0.9333333333333333,0.8,1.0,0.8654371820471964,0.9736104370004228,raw_runs/ablation/seed_*.json::variants[loo_ProcessActivityTemporalRule].metrics[recall]
ablation.loo_ProcessActivityTemporalRule.f1,10,0.8279704172653037,0.038155745356340726,0.8331479421579533,0.7567567567567568,0.8749999999999999,0.8006754413221873,0.8552653932084202,raw_runs/ablation/seed_*.json::variants[loo_ProcessActivityTemporalRule].metrics[f1]
ablation.loo_ProcessActivityTemporalRule.accuracy,10,0.9681375933714141,0.007927198954245478,0.9720670391061452,0.9497206703910615,0.9776536312849162,0.9624668168544912,0.9738083698883371,raw_runs/ablation/seed_*.json::variants[loo_ProcessActivityTemporalRule].metrics[accuracy]
ablation.loo_ProcessActivityTemporalRule.balanced_accuracy,10,0.9460423925667827,0.03538355650232146,0.9502322880371661,0.8878048780487805,0.9847560975609756,0.9207305210650438,0.9713542640685215,raw_runs/ablation/seed_*.json::variants[loo_ProcessActivityTemporalRule].metrics[balanced_accuracy]
ablation.loo_ProcessActivityTemporalRule.mcc,10,0.8173737641666312,0.04144661077874845,0.8184655753489349,0.7465006167303438,0.8648204955327312,0.7877246449169754,0.8470228834162871,raw_runs/ablation/seed_*.json::variants[loo_ProcessActivityTemporalRule].metrics[mcc]
ablation.loo_ProcessActivityTemporalRule.roc_auc,10,0.9489024390243902,0.03617787215844507,0.9528455284552846,0.8894308943089431,0.9908536585365854,0.9230223483325227,0.9747825297162577,raw_runs/ablation/seed_*.json::variants[loo_ProcessActivityTemporalRule].metrics[roc_auc]
ablation.loo_ProcessActivityTemporalRule.pr_auc,10,0.752044763980206,0.057785034346336465,0.7432533848587951,0.6500931098696462,0.85,0.7107078405988022,0.7933816873616099,raw_runs/ablation/seed_*.json::variants[loo_ProcessActivityTemporalRule].metrics[pr_auc]
ablation.loo_ReadWriteConsistencyRule.precision,10,0.5684233821733822,0.1086192740973995,0.5916666666666667,0.4,0.75,0.4907218343262869,0.6461249300204774,raw_runs/ablation/seed_*.json::variants[loo_ReadWriteConsistencyRule].metrics[precision]
ablation.loo_ReadWriteConsistencyRule.recall,10,0.49714285714285705,0.1529618557094912,0.519047619047619,0.26666666666666666,0.7333333333333333,0.3877205373109842,0.6065651769747299,raw_runs/ablation/seed_*.json::variants[loo_ReadWriteConsistencyRule].metrics[recall]
ablation.loo_ReadWriteConsistencyRule.f1,10,0.5172708653353815,0.11356649552082082,0.5092592592592593,0.32,0.6666666666666666,0.4360302884776758,0.5985114421930872,raw_runs/ablation/seed_*.json::variants[loo_ReadWriteConsistencyRule].metrics[f1]
ablation.loo_ReadWriteConsistencyRule.accuracy,10,0.9251051409202183,0.015812984646082225,0.9273743016759777,0.8994413407821229,0.9497206703910615,0.9137932131496354,0.9364170686908013,raw_runs/ablation/seed_*.json::variants[loo_ReadWriteConsistencyRule].metrics[accuracy]
ablation.loo_ReadWriteConsistencyRule.balanced_accuracy,10,0.7305836236933797,0.0732298732105911,0.7407520325203252,0.615040650406504,0.8453252032520324,0.6781981281688272,0.7829691192179322,raw_runs/ablation/seed_*.json::variants[loo_ReadWriteConsistencyRule].metrics[balanced_accuracy]
ablation.loo_ReadWriteConsistencyRule.mcc,10,0.4859038246713029,0.11318106404794084,0.4684450574449072,0.2775910919952688,0.6445004450878346,0.4049389688795003,0.5668686804631055,raw_runs/ablation/seed_*.json::variants[loo_ReadWriteConsistencyRule].metrics[mcc]
ablation.loo_ReadWriteConsistencyRule.roc_auc,10,0.7325014518002323,0.07412086209568194,0.7447154471544717,0.616260162601626,0.8495934959349594,0.679478581223587,0.7855243223768776,raw_runs/ablation/seed_*.json::variants[loo_ReadWriteConsistencyRule].metrics[roc_auc]
ablation.loo_ReadWriteConsistencyRule.pr_auc,10,0.37031184194394284,0.10880143471319938,0.3835195530726257,0.2081191806331471,0.5482722946410097,0.2924799842423393,0.4481436996455464,raw_runs/ablation/seed_*.json::variants[loo_ReadWriteConsistencyRule].metrics[pr_auc]
ablation.loo_SelfLoopRule.precision,10,0.7145983045087905,0.0948004970476575,0.702020202020202,0.5384615384615384,0.8666666666666667,0.6467821142562971,0.7824144947612839,raw_runs/ablation/seed_*.json::variants[loo_SelfLoopRule].metrics[precision]
ablation.loo_SelfLoopRule.recall,10,0.9328571428571429,0.06287197195608517,0.9333333333333333,0.8,1.0,0.8878812435263634,0.9778330421879224,raw_runs/ablation/seed_*.json::variants[loo_SelfLoopRule].metrics[recall]
ablation.loo_SelfLoopRule.f1,10,0.8048056201634507,0.06265224024232831,0.8116554054054055,0.6829268292682926,0.8749999999999999,0.7599869074315679,0.8496243328953335,raw_runs/ablation/seed_*.json::variants[loo_SelfLoopRule].metrics[f1]
ablation.loo_SelfLoopRule.accuracy,10,0.961433682756889,0.015450667417289411,0.963592994790032,0.9273743016759777,0.9776536312849162,0.9503809411180751,0.9724864243957029,raw_runs/ablation/seed_*.json::variants[loo_SelfLoopRule].metrics[accuracy]
ablation.loo_SelfLoopRule.balanced_accuracy,10,0.9484407665505227,0.03043941630706298,0.9517566782810685,0.8817073170731707,0.9847560975609756,0.9266657198815491,0.9702158132194962,raw_runs/ablation/seed_*.json::variants[loo_SelfLoopRule].metrics[balanced_accuracy]
ablation.loo_SelfLoopRule.mcc,10,0.7953546196132202,0.06417053791926146,0.8048915796928311,0.6764188791054097,0.8648204955327312,0.7494497821528241,0.8412594570736163,raw_runs/ablation/seed_*.json::variants[loo_SelfLoopRule].metrics[mcc]
ablation.loo_SelfLoopRule.roc_auc,10,0.9528455284552846,0.031154116052006357,0.9536585365853658,0.8853658536585366,0.991869918699187,0.9305592163880703,0.9751318405224989,raw_runs/ablation/seed_*.json::variants[loo_SelfLoopRule].metrics[roc_auc]
ablation.loo_SelfLoopRule.pr_auc,10,0.7403173057814314,0.0795572940137438,0.7414406390845546,0.6167597765363129,0.8666666666666667,0.6834054460883612,0.7972291654745016,raw_runs/ablation/seed_*.json::variants[loo_SelfLoopRule].metrics[pr_auc]
ablation.loo_SequenceGapRule.precision,10,0.7145983045087905,0.0948004970476575,0.702020202020202,0.5384615384615384,0.8666666666666667,0.6467821142562971,0.7824144947612839,raw_runs/ablation/seed_*.json::variants[loo_SequenceGapRule].metrics[precision]
ablation.loo_SequenceGapRule.recall,10,0.9328571428571429,0.06287197195608517,0.9333333333333333,0.8,1.0,0.8878812435263634,0.9778330421879224,raw_runs/ablation/seed_*.json::variants[loo_SequenceGapRule].metrics[recall]
ablation.loo_SequenceGapRule.f1,10,0.8048056201634507,0.06265224024232831,0.8116554054054055,0.6829268292682926,0.8749999999999999,0.7599869074315679,0.8496243328953335,raw_runs/ablation/seed_*.json::variants[loo_SequenceGapRule].metrics[f1]
ablation.loo_SequenceGapRule.accuracy,10,0.961433682756889,0.015450667417289411,0.963592994790032,0.9273743016759777,0.9776536312849162,0.9503809411180751,0.9724864243957029,raw_runs/ablation/seed_*.json::variants[loo_SequenceGapRule].metrics[accuracy]
ablation.loo_SequenceGapRule.balanced_accuracy,10,0.9484407665505227,0.03043941630706298,0.9517566782810685,0.8817073170731707,0.9847560975609756,0.9266657198815491,0.9702158132194962,raw_runs/ablation/seed_*.json::variants[loo_SequenceGapRule].metrics[balanced_accuracy]
ablation.loo_SequenceGapRule.mcc,10,0.7953546196132202,0.06417053791926146,0.8048915796928311,0.6764188791054097,0.8648204955327312,0.7494497821528241,0.8412594570736163,raw_runs/ablation/seed_*.json::variants[loo_SequenceGapRule].metrics[mcc]
ablation.loo_SequenceGapRule.roc_auc,10,0.9528455284552846,0.031154116052006357,0.9536585365853658,0.8853658536585366,0.991869918699187,0.9305592163880703,0.9751318405224989,raw_runs/ablation/seed_*.json::variants[loo_SequenceGapRule].metrics[roc_auc]
ablation.loo_SequenceGapRule.pr_auc,10,0.7403173057814314,0.0795572940137438,0.7414406390845546,0.6167597765363129,0.8666666666666667,0.6834054460883612,0.7972291654745016,raw_runs/ablation/seed_*.json::variants[loo_SequenceGapRule].metrics[pr_auc]
ablation.loo_SequenceMonotonicityRule.precision,10,0.8470940170940171,0.14575744714792296,0.8730769230769231,0.5555555555555556,1.0,0.7428254206800963,0.9513626135079379,raw_runs/ablation/seed_*.json::variants[loo_SequenceMonotonicityRule].metrics[precision]
ablation.loo_SequenceMonotonicityRule.recall,10,0.730952380952381,0.0580722480315134,0.7333333333333333,0.6428571428571429,0.8,0.6894099972777966,0.7724947646269654,raw_runs/ablation/seed_*.json::variants[loo_SequenceMonotonicityRule].metrics[recall]
ablation.loo_SequenceMonotonicityRule.f1,10,0.7802333926527474,0.08629333954433459,0.7799539170506913,0.606060606060606,0.888888888888889,0.7185028562704362,0.8419639290350586,raw_runs/ablation/seed_*.json::variants[loo_SequenceMonotonicityRule].metrics[f1]
ablation.loo_SequenceMonotonicityRule.accuracy,10,0.9647856380641515,0.01666440876886081,0.9663862908794175,0.9273743016759777,0.9832402234636871,0.9528646381674288,0.9767066379608742,raw_runs/ablation/seed_*.json::variants[loo_SequenceMonotonicityRule].metrics[accuracy]
ablation.loo_SequenceMonotonicityRule.balanced_accuracy,10,0.8584639953542392,0.03276102164815739,0.8620934959349593,0.8089430894308942,0.9,0.8350281722715754,0.881899818436903,raw_runs/ablation/seed_*.json::variants[loo_SequenceMonotonicityRule].metrics[balanced_accuracy]
ablation.loo_SequenceMonotonicityRule.mcc,10,0.7662654221714076,0.0971828491861999,0.761613574804827,0.5692812025719506,0.8863570062423888,0.696744999864154,0.8357858444786612,raw_runs/ablation/seed_*.json::variants[loo_SequenceMonotonicityRule].metrics[mcc]
ablation.loo_SequenceMonotonicityRule.roc_auc,10,0.859869337979094,0.03159240792058104,0.863109756097561,0.8154471544715447,0.9,0.8372694907968641,0.882469185161324,raw_runs/ablation/seed_*.json::variants[loo_SequenceMonotonicityRule].metrics[roc_auc]
ablation.loo_SequenceMonotonicityRule.pr_auc,10,0.6749212799489619,0.10018618169404923,0.6669889700615956,0.5168218497827437,0.8167597765363129,0.603252402991292,0.7465901569066318,raw_runs/ablation/seed_*.json::variants[loo_SequenceMonotonicityRule].metrics[pr_auc]
ablation.loo_SpawnConsistencyRule.precision,10,0.6859063645220933,0.11015647862546754,0.6846590909090908,0.4782608695652174,0.8571428571428571,0.6071051667999552,0.7647075622442314,raw_runs/ablation/seed_*.json::variants[loo_SpawnConsistencyRule].metrics[precision]
ablation.loo_SpawnConsistencyRule.recall,10,0.8185714285714287,0.10947664040633785,0.8,0.6666666666666666,1.0,0.7402565578142878,0.8968862993285697,raw_runs/ablation/seed_*.json::variants[loo_SpawnConsistencyRule].metrics[recall]
ablation.loo_SpawnConsistencyRule.f1,10,0.7416736347213926,0.09032585807382854,0.7537634408602152,0.5789473684210527,0.8571428571428571,0.6770584083605532,0.806288861082232,raw_runs/ablation/seed_*.json::variants[loo_SpawnConsistencyRule].metrics[f1]
ablation.loo_SpawnConsistencyRule.accuracy,10,0.9519301989831146,0.019383666724377645,0.9579750172619421,0.9106145251396648,0.9720670391061452,0.9380639591287973,0.9657964388374319,raw_runs/ablation/seed_*.json::variants[loo_SpawnConsistencyRule].metrics[accuracy]
ablation.loo_SpawnConsistencyRule.balanced_accuracy,10,0.8912979094076656,0.05653268604249668,0.889329268292683,0.8119918699186992,0.9847560975609756,0.8508568620340943,0.931738956781237,raw_runs/ablation/seed_*.json::variants[loo_SpawnConsistencyRule].metrics[balanced_accuracy]
ablation.loo_SpawnConsistencyRule.mcc,10,0.7218513268868066,0.10000536901117613,0.7320390630485838,0.5466284786878157,0.8527216112785364,0.6503117955305171,0.7933908582430962,raw_runs/ablation/seed_*.json::variants[loo_SpawnConsistencyRule].metrics[mcc]
ablation.loo_SpawnConsistencyRule.roc_auc,10,0.895166957026713,0.05760938715056974,0.8910569105691057,0.8148373983739836,0.991869918699187,0.8539556840798153,0.9363782299736108,raw_runs/ablation/seed_*.json::variants[loo_SpawnConsistencyRule].metrics[roc_auc]
ablation.loo_SpawnConsistencyRule.pr_auc,10,0.6455524386250902,0.12798141118829157,0.6369823534628004,0.4749917844232665,0.8666666666666667,0.5540000522956745,0.7371048249545058,raw_runs/ablation/seed_*.json::variants[loo_SpawnConsistencyRule].metrics[pr_auc]
ablation.loo_TimestampRule.precision,10,0.7145983045087905,0.0948004970476575,0.702020202020202,0.5384615384615384,0.8666666666666667,0.6467821142562971,0.7824144947612839,raw_runs/ablation/seed_*.json::variants[loo_TimestampRule].metrics[precision]
ablation.loo_TimestampRule.recall,10,0.9328571428571429,0.06287197195608517,0.9333333333333333,0.8,1.0,0.8878812435263634,0.9778330421879224,raw_runs/ablation/seed_*.json::variants[loo_TimestampRule].metrics[recall]
ablation.loo_TimestampRule.f1,10,0.8048056201634507,0.06265224024232831,0.8116554054054055,0.6829268292682926,0.8749999999999999,0.7599869074315679,0.8496243328953335,raw_runs/ablation/seed_*.json::variants[loo_TimestampRule].metrics[f1]
ablation.loo_TimestampRule.accuracy,10,0.961433682756889,0.015450667417289411,0.963592994790032,0.9273743016759777,0.9776536312849162,0.9503809411180751,0.9724864243957029,raw_runs/ablation/seed_*.json::variants[loo_TimestampRule].metrics[accuracy]
ablation.loo_TimestampRule.balanced_accuracy,10,0.9484407665505227,0.03043941630706298,0.9517566782810685,0.8817073170731707,0.9847560975609756,0.9266657198815491,0.9702158132194962,raw_runs/ablation/seed_*.json::variants[loo_TimestampRule].metrics[balanced_accuracy]
ablation.loo_TimestampRule.mcc,10,0.7953546196132202,0.06417053791926146,0.8048915796928311,0.6764188791054097,0.8648204955327312,0.7494497821528241,0.8412594570736163,raw_runs/ablation/seed_*.json::variants[loo_TimestampRule].metrics[mcc]
ablation.loo_TimestampRule.roc_auc,10,0.9528455284552846,0.031154116052006357,0.9536585365853658,0.8853658536585366,0.991869918699187,0.9305592163880703,0.9751318405224989,raw_runs/ablation/seed_*.json::variants[loo_TimestampRule].metrics[roc_auc]
ablation.loo_TimestampRule.pr_auc,10,0.7403173057814314,0.0795572940137438,0.7414406390845546,0.6167597765363129,0.8666666666666667,0.6834054460883612,0.7972291654745016,raw_runs/ablation/seed_*.json::variants[loo_TimestampRule].metrics[pr_auc]
ablation.loo_UnspawnedProcessRule.precision,10,0.7145983045087905,0.0948004970476575,0.702020202020202,0.5384615384615384,0.8666666666666667,0.6467821142562971,0.7824144947612839,raw_runs/ablation/seed_*.json::variants[loo_UnspawnedProcessRule].metrics[precision]
ablation.loo_UnspawnedProcessRule.recall,10,0.9328571428571429,0.06287197195608517,0.9333333333333333,0.8,1.0,0.8878812435263634,0.9778330421879224,raw_runs/ablation/seed_*.json::variants[loo_UnspawnedProcessRule].metrics[recall]
ablation.loo_UnspawnedProcessRule.f1,10,0.8048056201634507,0.06265224024232831,0.8116554054054055,0.6829268292682926,0.8749999999999999,0.7599869074315679,0.8496243328953335,raw_runs/ablation/seed_*.json::variants[loo_UnspawnedProcessRule].metrics[f1]
ablation.loo_UnspawnedProcessRule.accuracy,10,0.961433682756889,0.015450667417289411,0.963592994790032,0.9273743016759777,0.9776536312849162,0.9503809411180751,0.9724864243957029,raw_runs/ablation/seed_*.json::variants[loo_UnspawnedProcessRule].metrics[accuracy]
ablation.loo_UnspawnedProcessRule.balanced_accuracy,10,0.9484407665505227,0.03043941630706298,0.9517566782810685,0.8817073170731707,0.9847560975609756,0.9266657198815491,0.9702158132194962,raw_runs/ablation/seed_*.json::variants[loo_UnspawnedProcessRule].metrics[balanced_accuracy]
ablation.loo_UnspawnedProcessRule.mcc,10,0.7953546196132202,0.06417053791926146,0.8048915796928311,0.6764188791054097,0.8648204955327312,0.7494497821528241,0.8412594570736163,raw_runs/ablation/seed_*.json::variants[loo_UnspawnedProcessRule].metrics[mcc]
ablation.loo_UnspawnedProcessRule.roc_auc,10,0.9528455284552846,0.031154116052006357,0.9536585365853658,0.8853658536585366,0.991869918699187,0.9305592163880703,0.9751318405224989,raw_runs/ablation/seed_*.json::variants[loo_UnspawnedProcessRule].metrics[roc_auc]
ablation.loo_UnspawnedProcessRule.pr_auc,10,0.7403173057814314,0.0795572940137438,0.7414406390845546,0.6167597765363129,0.8666666666666667,0.6834054460883612,0.7972291654745016,raw_runs/ablation/seed_*.json::variants[loo_UnspawnedProcessRule].metrics[pr_auc]
ablation.without_semantic.precision,10,0.7145983045087905,0.0948004970476575,0.702020202020202,0.5384615384615384,0.8666666666666667,0.6467821142562971,0.7824144947612839,raw_runs/ablation/seed_*.json::variants[without_semantic].metrics[precision]
ablation.without_semantic.recall,10,0.9328571428571429,0.06287197195608517,0.9333333333333333,0.8,1.0,0.8878812435263634,0.9778330421879224,raw_runs/ablation/seed_*.json::variants[without_semantic].metrics[recall]
ablation.without_semantic.f1,10,0.8048056201634507,0.06265224024232831,0.8116554054054055,0.6829268292682926,0.8749999999999999,0.7599869074315679,0.8496243328953335,raw_runs/ablation/seed_*.json::variants[without_semantic].metrics[f1]
ablation.without_semantic.accuracy,10,0.961433682756889,0.015450667417289411,0.963592994790032,0.9273743016759777,0.9776536312849162,0.9503809411180751,0.9724864243957029,raw_runs/ablation/seed_*.json::variants[without_semantic].metrics[accuracy]
ablation.without_semantic.balanced_accuracy,10,0.9484407665505227,0.03043941630706298,0.9517566782810685,0.8817073170731707,0.9847560975609756,0.9266657198815491,0.9702158132194962,raw_runs/ablation/seed_*.json::variants[without_semantic].metrics[balanced_accuracy]
ablation.without_semantic.mcc,10,0.7953546196132202,0.06417053791926146,0.8048915796928311,0.6764188791054097,0.8648204955327312,0.7494497821528241,0.8412594570736163,raw_runs/ablation/seed_*.json::variants[without_semantic].metrics[mcc]
ablation.without_semantic.roc_auc,10,0.9528455284552846,0.031154116052006357,0.9536585365853658,0.8853658536585366,0.991869918699187,0.9305592163880703,0.9751318405224989,raw_runs/ablation/seed_*.json::variants[without_semantic].metrics[roc_auc]
ablation.without_semantic.pr_auc,10,0.7403173057814314,0.0795572940137438,0.7414406390845546,0.6167597765363129,0.8666666666666667,0.6834054460883612,0.7972291654745016,raw_runs/ablation/seed_*.json::variants[without_semantic].metrics[pr_auc]
ablation.without_structural.precision,10,0.43256632256632255,0.12069400831014236,0.452991452991453,0.25,0.6,0.34622703021238144,0.5189056149202637,raw_runs/ablation/seed_*.json::variants[without_structural].metrics[precision]
ablation.without_structural.recall,10,0.2752380952380952,0.07342192134257776,0.26666666666666666,0.13333333333333333,0.4,0.2227152167560473,0.3277609737201432,raw_runs/ablation/seed_*.json::variants[without_structural].metrics[recall]
ablation.without_structural.f1,10,0.3284672690563294,0.07305401142392128,0.34782608695652173,0.1739130434782609,0.42857142857142855,0.2762075774753675,0.3807269606372913,raw_runs/ablation/seed_*.json::variants[without_structural].metrics[f1]
ablation.without_structural.accuracy,10,0.9066568325905469,0.015781491105885885,0.9131724311091582,0.8715083798882681,0.9217877094972067,0.8953674339414368,0.9179462312396569,raw_runs/ablation/seed_*.json::variants[without_structural].metrics[accuracy]
ablation.without_structural.balanced_accuracy,10,0.6196312427409988,0.03561528562552242,0.6226626016260162,0.5483739837398374,0.6786585365853659,0.5941536022106636,0.645108883271334,raw_runs/ablation/seed_*.json::variants[without_structural].metrics[balanced_accuracy]
ablation.without_structural.mcc,10,0.29360773563331855,0.08019620782835028,0.3146905055349193,0.1297377479036576,0.38150093031580223,0.23623882453064948,0.3509766467359876,raw_runs/ablation/seed_*.json::variants[without_structural].metrics[mcc]
ablation.without_structural.roc_auc,10,0.6203222996515678,0.035939019348667736,0.6229674796747967,0.5495934959349593,0.6800813008130081,0.5946130739666851,0.6460315253364506,raw_runs/ablation/seed_*.json::variants[without_structural].metrics[roc_auc]
ablation.without_structural.pr_auc,10,0.20349822701169135,0.052267981167137476,0.1909124767225326,0.12811918063314712,0.28919925512104283,0.16610796572263492,0.24088848830074777,raw_runs/ablation/seed_*.json::variants[without_structural].metrics[pr_auc]
ablation.without_temporal.precision,10,1.0,0.0,1.0,1.0,1.0,1.0,1.0,raw_runs/ablation/seed_*.json::variants[without_temporal].metrics[precision]
ablation.without_temporal.recall,10,0.6642857142857144,0.007529232524210401,0.6666666666666666,0.6428571428571429,0.6666666666666666,0.6588996258028615,0.6696718027685672,raw_runs/ablation/seed_*.json::variants[without_temporal].metrics[recall]
ablation.without_temporal.f1,10,0.7982608695652174,0.0054996133220319675,0.8,0.782608695652174,0.8,0.7943266831951336,0.8021950559353012,raw_runs/ablation/seed_*.json::variants[without_temporal].metrics[f1]
ablation.without_temporal.accuracy,10,0.9720513464314857,4.9624594503907465e-05,0.9720670391061452,0.9719101123595506,0.9720670391061452,0.9720158471351014,0.9720868457278701,raw_runs/ablation/seed_*.json::variants[without_temporal].metrics[accuracy]
ablation.without_temporal.balanced_accuracy,10,0.8321428571428571,0.0037646162621052005,0.8333333333333333,0.8214285714285714,0.8333333333333333,0.8294498129014306,0.8348359013842835,raw_runs/ablation/seed_*.json::variants[without_temporal].metrics[balanced_accuracy]
ablation.without_temporal.mcc,10,0.8028781881772602,0.004583270949507862,0.8043275457106729,0.7898339703765455,0.8043275457106729,0.799599513651595,0.8061568627029254,raw_runs/ablation/seed_*.json::variants[without_temporal].metrics[mcc]
ablation.without_temporal.roc_auc,10,0.8321428571428571,0.0037646162621052005,0.8333333333333333,0.8214285714285714,0.8333333333333333,0.8294498129014306,0.8348359013842835,raw_runs/ablation/seed_*.json::variants[without_temporal].metrics[roc_auc]
ablation.without_temporal.pr_auc,10,0.6922343678542283,0.007479607929706528,0.6945996275605214,0.6709470304975922,0.6945996275605214,0.6868837786677598,0.6975849570406968,raw_runs/ablation/seed_*.json::variants[without_temporal].metrics[pr_auc]
generalization.synthetic->theia3.RE.precision,5,0.922893772893773,0.00421643385832286,0.9230769230769231,0.9166666666666666,0.9285714285714286,0.917658378771086,0.9281291670164599,raw_runs/generalization/synthetic__theia3__*.json
generalization.synthetic->theia3.GS.precision,5,0.005378647542881093,0.007859536677680993,0.001379310344827586,0.0,0.018867924528301886,-0.004380256192357417,0.015137551278119603,raw_runs/generalization/synthetic__theia3__*.json
generalization.synthetic->theia3.RE.recall,5,0.8,0.0471404520791032,0.8,0.7333333333333333,0.8666666666666667,0.7414673977943278,0.8585326022056723,raw_runs/generalization/synthetic__theia3__*.json
generalization.synthetic->theia3.GS.recall,5,0.5,0.37267799624996495,0.5,0.0,1.0,0.0372591491337011,0.9627408508662989,raw_runs/generalization/synthetic__theia3__*.json
generalization.synthetic->theia3.RE.f1,5,0.8565590220762633,0.028909417359378978,0.8571428571428571,0.8148148148148148,0.896551724137931,0.8206632393320755,0.8924548048204511,raw_runs/generalization/synthetic__theia3__*.json
generalization.synthetic->theia3.GS.f1,5,0.010331928948104158,0.014852986781479536,0.002754820936639118,0.0,0.03571428571428571,-0.008110490004255379,0.028774347900463695,raw_runs/generalization/synthetic__theia3__*.json
generalization.synthetic->theia3.RE.roc_auc,5,0.8999949962471854,0.023571405435400438,0.8999949962471854,0.8666599949962471,0.9333299974981235,0.8707272307309841,0.9292627617633866,raw_runs/generalization/synthetic__theia3__*.json
generalization.synthetic->theia3.GS.roc_auc,5,0.5753347000616923,0.10355518747978643,0.6144608456342256,0.46046046046046046,0.6835043804755944,0.4467539519408003,0.7039154481825842,raw_runs/generalization/synthetic__theia3__*.json
generalization.synthetic->theia3.RE.pr_auc,5,0.8001500000000001,0.04710509674004391,0.8001500000000001,0.7335333333333331,0.8667666666666667,0.7416612972459822,0.8586387027540181,raw_runs/generalization/synthetic__theia3__*.json
generalization.synthetic->theia3.GS.pr_auc,5,0.004108425442182361,0.0036116909150549635,0.0024418332374751273,0.001018947762762377,0.00838292072931165,-0.00037608113968099627,0.008592932024045718,raw_runs/generalization/synthetic__theia3__*.json
generalization.theia3->theia5m.RE.precision,5,1.0,0.0,1.0,1.0,1.0,1.0,1.0,raw_runs/generalization/theia3__theia5m__*.json
generalization.theia3->theia5m.GS.precision,5,0.018773139624148845,0.015488575455119096,0.02127659574468085,0.002053388090349076,0.03571428571428571,-0.0004584669019350174,0.03800474615023271,raw_runs/generalization/theia3__theia5m__*.json
generalization.theia3->theia5m.RE.recall,5,0.72,0.029814239699997188,0.7333333333333333,0.6666666666666666,0.7333333333333333,0.6829807319306961,0.7570192680693039,raw_runs/generalization/theia3__theia5m__*.json
generalization.theia3->theia5m.GS.recall,5,0.41666666666666663,0.16666666666666666,0.3333333333333333,0.25,0.6666666666666666,0.2097226669660393,0.623610666367294,raw_runs/generalization/theia3__theia5m__*.json
generalization.theia3->theia5m.RE.f1,5,0.8369230769230768,0.02064062748461337,0.846153846153846,0.8,0.846153846153846,0.8112943528750972,0.8625518009710563,raw_runs/generalization/theia3__theia5m__*.json
generalization.theia3->theia5m.GS.f1,5,0.03473068563969016,0.027971311063714064,0.04081632653061224,0.004073319755600815,0.06451612903225806,-2.842906822245195e-07,0.06946165557006254,raw_runs/generalization/theia3__theia5m__*.json
generalization.theia3->theia5m.RE.roc_auc,5,0.86,0.014907119849998646,0.8666666666666667,0.8333333333333333,0.8666666666666667,0.841490365965348,0.878509634034652,raw_runs/generalization/theia3__theia5m__*.json
generalization.theia3->theia5m.GS.roc_auc,5,0.7690238001406502,0.13827030556337422,0.7767075306479859,0.600975975975976,0.912642815444917,0.5973385397019748,0.9407090605793256,raw_runs/generalization/theia3__theia5m__*.json
generalization.theia3->theia5m.RE.pr_auc,5,0.72021,0.029791879020222192,0.7335333333333333,0.6669166666666666,0.7335333333333333,0.6832184963817481,0.7572015036182519,raw_runs/generalization/theia3__theia5m__*.json
generalization.theia3->theia5m.GS.pr_auc,5,0.061627093494132465,0.10587497522926591,0.014473239313722281,0.010389647844565877,0.25095073061703294,-0.06983405155876231,0.19308823854702722,raw_runs/generalization/theia3__theia5m__*.json
generalization.theia5m->theia3.RE.precision,5,0.922893772893773,0.00421643385832286,0.9230769230769231,0.9166666666666666,0.9285714285714286,0.917658378771086,0.9281291670164599,raw_runs/generalization/theia5m__theia3__*.json
generalization.theia5m->theia3.GS.precision,5,0.005378647542881093,0.007859536677680993,0.001379310344827586,0.0,0.018867924528301886,-0.004380256192357417,0.015137551278119603,raw_runs/generalization/theia5m__theia3__*.json
generalization.theia5m->theia3.RE.recall,5,0.8,0.0471404520791032,0.8,0.7333333333333333,0.8666666666666667,0.7414673977943278,0.8585326022056723,raw_runs/generalization/theia5m__theia3__*.json
generalization.theia5m->theia3.GS.recall,5,0.5,0.37267799624996495,0.5,0.0,1.0,0.0372591491337011,0.9627408508662989,raw_runs/generalization/theia5m__theia3__*.json
generalization.theia5m->theia3.RE.f1,5,0.8565590220762633,0.028909417359378978,0.8571428571428571,0.8148148148148148,0.896551724137931,0.8206632393320755,0.8924548048204511,raw_runs/generalization/theia5m__theia3__*.json
generalization.theia5m->theia3.GS.f1,5,0.010331928948104158,0.014852986781479536,0.002754820936639118,0.0,0.03571428571428571,-0.008110490004255379,0.028774347900463695,raw_runs/generalization/theia5m__theia3__*.json
generalization.theia5m->theia3.RE.roc_auc,5,0.8999949962471854,0.023571405435400438,0.8999949962471854,0.8666599949962471,0.9333299974981235,0.8707272307309841,0.9292627617633866,raw_runs/generalization/theia5m__theia3__*.json
generalization.theia5m->theia3.GS.roc_auc,5,0.5753547250929815,0.10358134055934093,0.6144608456342256,0.46046046046046046,0.68360450563204,0.4467415036347645,0.7039679465511984,raw_runs/generalization/theia5m__theia3__*.json
generalization.theia5m->theia3.RE.pr_auc,5,0.8001500000000001,0.04710509674004391,0.8001500000000001,0.7335333333333331,0.8667666666666667,0.7416612972459822,0.8586387027540181,raw_runs/generalization/theia5m__theia3__*.json
generalization.theia5m->theia3.GS.pr_auc,5,0.004108617143894496,0.0036115803643544477,0.0024427917460358066,0.001018947762762377,0.00838292072931165,-0.0003757521711440547,0.008592986458933048,raw_runs/generalization/theia5m__theia3__*.json
real_theia.theia3.RuleEngine.precision,10,0.9194555444555444,0.007021607019559797,0.9198717948717949,0.9090909090909091,0.9285714285714286,0.9144325893830902,0.9244784995279987,raw_runs/darpa/theia3_50000.json::sp
real_theia.theia3.RuleEngine.recall,10,0.7666666666666667,0.07200822998230959,0.7666666666666666,0.6666666666666666,0.8666666666666667,0.7151550820620977,0.8181782512712358,raw_runs/darpa/theia3_50000.json::sp
real_theia.theia3.RuleEngine.f1,10,0.8347438002610417,0.04585120864494653,0.8359788359788359,0.7692307692307692,0.896551724137931,0.8019438215097773,0.8675437790123061,raw_runs/darpa/theia3_50000.json::sp
real_theia.theia3.RuleEngine.roc_auc,10,0.8833309992997901,0.03600483528954418,0.88333099929979,0.8333299989996998,0.93333199959988,0.8575746917270783,0.9090873068725018,raw_runs/darpa/theia3_50000.json::sp
real_theia.theia3.RuleEngine.pr_auc,10,0.7667366666666666,0.07198662751331492,0.7667366666666666,0.6667666666666666,0.8667066666666667,0.7152405355374789,0.8182327977958543,raw_runs/darpa/theia3_50000.json::sp
real_theia.theia3.GraphSAGE.precision,10,0.10031395352232349,0.31611822405907064,0.0,0.0,1.0,-0.12582340116151464,0.3264513082061616,raw_runs/darpa/theia3_50000.json::sp
real_theia.theia3.GraphSAGE.recall,10,0.16999999999999998,0.3334999583541537,0.0,0.0,1.0,-0.0685714983495729,0.40857149834957285,raw_runs/darpa/theia3_50000.json::sp
real_theia.theia3.GraphSAGE.f1,10,0.03395927596881325,0.10519851057720425,0.0,0.0,0.33333333333333337,-0.04129520507041781,0.10921375700804431,raw_runs/darpa/theia3_50000.json::sp
real_theia.theia3.GraphSAGE.roc_auc,10,0.6608880271431262,0.20496906053450054,0.7393848017302541,0.21439287857571515,0.9188089760261412,0.5142619941794521,0.8075140601068004,raw_runs/darpa/theia3_50000.json::sp
real_theia.theia3.GraphSAGE.pr_auc,10,0.024954601113810666,0.06277408116471987,0.001143777810131301,0.00010124531740407007,0.2004510599909788,-0.01995127136333472,0.06986047359095605,raw_runs/darpa/theia3_50000.json::sp
real_theia.theia3.requested_ops,10,20.0,0.0,20.0,20.0,20.0,20.0,20.0,raw
real_theia.theia3.ground_truth_positives,10,20.0,0.0,20.0,20.0,20.0,20.0,20.0,raw
real_theia.theia3.detectable_positives,10,15.0,0.0,15.0,15.0,15.0,15.0,15.0,raw
real_theia.theia5m.RuleEngine.precision,10,0.9666666666666666,0.10540925533894599,1.0,0.6666666666666666,1.0,0.8912614279067264,1.0420719054266068,raw_runs/darpa/theia5m_50000.json::sp
real_theia.theia5m.RuleEngine.recall,10,0.7666666666666666,0.06478835438717004,0.8,0.6666666666666666,0.8666666666666667,0.7203198699293297,0.8130134634040035,raw_runs/darpa/theia5m_50000.json::sp
real_theia.theia5m.RuleEngine.f1,10,0.8503707403707403,0.05991943376964189,0.8675213675213675,0.7272727272727272,0.9285714285714286,0.8075069596217752,0.8932345211197055,raw_runs/darpa/theia5m_50000.json::sp
real_theia.theia5m.RuleEngine.roc_auc,10,0.8833285318929013,0.03239143583511807,0.8999759927978395,0.8333333333333333,0.9333333333333333,0.860157094573944,0.9064999692118586,raw_runs/darpa/theia5m_50000.json::sp
real_theia.theia5m.RuleEngine.pr_auc,10,0.7467366666666667,0.0819388533384484,0.7667366666666666,0.60006,0.8667066666666667,0.6881211420636902,0.8053521912696432,raw_runs/darpa/theia5m_50000.json::sp
real_theia.theia5m.GraphSAGE.precision,10,0.005038903420015071,0.004779414941098862,0.005917159763313609,0.0,0.012738853503184714,0.0016199159354006228,0.00845789090462952,raw_runs/darpa/theia5m_50000.json::sp
real_theia.theia5m.GraphSAGE.recall,10,0.31666666666666665,0.3442651863295481,0.25,0.0,1.0,0.07039418814054677,0.5629391451927865,raw_runs/darpa/theia5m_50000.json::sp
real_theia.theia5m.GraphSAGE.f1,10,0.009855111005265805,0.00932094278035494,0.01173030615755074,0.0,0.025,0.0031873102171814894,0.01652291179335012,raw_runs/darpa/theia5m_50000.json::sp
real_theia.theia5m.GraphSAGE.roc_auc,9,0.6491788368442517,0.3113305408240646,0.7351315526210485,0.0,0.9904990499049906,0.4098689986590376,0.8884886750294658,raw_runs/darpa/theia5m_50000.json::sp
real_theia.theia5m.GraphSAGE.pr_auc,9,0.005226698041999047,0.004001869299304479,0.003978969323411073,0.0001,0.011592435014353386,0.002150588991084805,0.008302807092913289,raw_runs/darpa/theia5m_50000.json::sp
real_theia.theia5m.requested_ops,10,20.0,0.0,20.0,20.0,20.0,20.0,20.0,raw
real_theia.theia5m.ground_truth_positives,10,20.0,0.0,20.0,20.0,20.0,20.0,20.0,raw
real_theia.theia5m.detectable_positives,10,15.0,0.0,15.0,15.0,15.0,15.0,15.0,raw
scalability.10000.construction_sec,5,0.18094778060913086,0.0057084511825306015,0.1801910400390625,0.1762526035308838,0.19061040878295898,0.17385980229027892,0.1880357589279828,raw_runs/scalability/size_10000_rep_*.json
scalability.10000.poisoning_sec,5,1.0018853187561034,0.05036130193469578,0.9940571784973145,0.9541163444519043,1.0719423294067383,0.9393535032411221,1.0644171342710846,raw_runs/scalability/size_10000_rep_*.json
scalability.10000.rule_engine_infer_sec,5,0.36612491607666015,0.07621824473732032,0.34120750427246094,0.31836938858032227,0.5007777214050293,0.271487465580046,0.4607623665732743,raw_runs/scalability/size_10000_rep_*.json
scalability.10000.evaluation_sec,5,0.0,0.0,0.0,0.0,0.0,0.0,0.0,raw_runs/scalability/size_10000_rep_*.json
scalability.10000.end_to_end_sec,5,1.5489580154418945,0.09996857539362417,1.5115172863006592,1.4558703899383545,1.709963083267212,1.4248306344239126,1.6730853964598764,raw_runs/scalability/size_10000_rep_*.json
scalability.10000.peak_python_mb,5,36.86753768920899,59.575840800545436,10.224794387817383,10.222356796264648,143.44004154205322,-37.105638995547196,110.84071437396517,raw_runs/scalability/size_10000_rep_*.json
scalability.10000.rss_delta_mb,5,86.36015625,188.98914968841777,1.9609375,0.27734375,424.421875,-148.30086696925048,321.02117946925046,raw_runs/scalability/size_10000_rep_*.json
scalability.10000.rule_engine_throughput_eps,5,28087.895012375833,4666.125471188516,29307.678977701504,19968.939456697586,31410.054982334063,22294.135003699477,33881.65502105219,raw_runs/scalability/size_10000_rep_*.json
scalability.10000.nodes,5,472.0,0.0,472.0,472.0,472.0,472.0,472.0,raw_runs/scalability/size_10000_rep_*.json
scalability.10000.edges,5,10000.0,0.0,10000.0,10000.0,10000.0,10000.0,10000.0,raw_runs/scalability/size_10000_rep_*.json
scalability.25000.construction_sec,5,0.5557974338531494,0.07922866620081843,0.5323002338409424,0.49735021591186523,0.6930387020111084,0.45742205140588976,0.654172816300409,raw_runs/scalability/size_25000_rep_*.json
scalability.25000.poisoning_sec,5,2.945627784729004,0.35114247325925924,2.9931156635284424,2.5192928314208984,3.3609507083892822,2.509626817442754,3.381628752015254,raw_runs/scalability/size_25000_rep_*.json
scalability.25000.rule_engine_infer_sec,5,1.1417363643646241,0.1860453251177688,1.0841946601867676,0.9924869537353516,1.4663610458374023,0.9107305821317762,1.372742146597472,raw_runs/scalability/size_25000_rep_*.json
scalability.25000.evaluation_sec,5,0.0,0.0,0.0,0.0,0.0,0.0,0.0,raw_runs/scalability/size_25000_rep_*.json
scalability.25000.end_to_end_sec,5,4.643161582946777,0.47796163805952785,4.640242099761963,4.100837707519531,5.18684720993042,4.049693824445764,5.236629341447791,raw_runs/scalability/size_25000_rep_*.json
scalability.25000.peak_python_mb,5,24.93280162811279,0.0011580189631905692,24.93340301513672,24.93123435974121,24.93384075164795,24.93136375765696,24.934239498568623,raw_runs/scalability/size_25000_rep_*.json
scalability.25000.rss_delta_mb,5,4.7375,22.314011363925896,-4.33203125,-19.52734375,38.23046875,-22.96900456609646,32.44400456609646,raw_runs/scalability/size_25000_rep_*.json
scalability.25000.rule_engine_throughput_eps,5,22296.650734075025,3082.235555691562,23058.589862168665,17049.007180713208,25189.247985486665,18469.54981058924,26123.75165756081,raw_runs/scalability/size_25000_rep_*.json
scalability.25000.nodes,5,792.0,0.0,792.0,792.0,792.0,792.0,792.0,raw_runs/scalability/size_25000_rep_*.json
scalability.25000.edges,5,25000.0,0.0,25000.0,25000.0,25000.0,25000.0,25000.0,raw_runs/scalability/size_25000_rep_*.json
scalability.50000.construction_sec,5,1.0983932971954347,0.10628473277412492,1.0298435688018799,1.0128672122955322,1.218376636505127,0.9664233709510961,1.2303632234397732,raw_runs/scalability/size_50000_rep_*.json
scalability.50000.poisoning_sec,5,5.433980894088745,0.6727250343519238,5.2540810108184814,4.768742322921753,6.521561145782471,4.598682438243571,6.269279349933919,raw_runs/scalability/size_50000_rep_*.json
scalability.50000.rule_engine_infer_sec,5,2.0759026527404787,0.2532591043324367,2.1206846237182617,1.824841022491455,2.437582015991211,1.761439940673561,2.3903653648073964,raw_runs/scalability/size_50000_rep_*.json
scalability.50000.evaluation_sec,5,0.0,0.0,0.0,0.0,0.0,0.0,0.0,raw_runs/scalability/size_50000_rep_*.json
scalability.50000.end_to_end_sec,5,8.608276844024658,0.8319246496189159,8.892367124557495,7.631060600280762,9.68857479095459,7.575305957374569,9.641247730674747,raw_runs/scalability/size_50000_rep_*.json
scalability.50000.peak_python_mb,5,49.425096321105954,0.0009593090013806449,49.424784660339355,49.424166679382324,49.426645278930664,49.42390518165579,49.42628746055612,raw_runs/scalability/size_50000_rep_*.json
scalability.50000.rss_delta_mb,5,24.0703125,14.342792553829518,24.56640625,2.06640625,41.76953125,6.261383352204863,41.87924164779514,raw_runs/scalability/size_50000_rep_*.json
scalability.50000.rule_engine_throughput_eps,5,24368.14168911925,2902.9993693457836,23577.291710793594,20512.130329148393,27399.647083631982,20763.59188539436,27972.69149284414,raw_runs/scalability/size_50000_rep_*.json
scalability.50000.nodes,5,1173.0,0.0,1173.0,1173.0,1173.0,1173.0,1173.0,raw_runs/scalability/size_50000_rep_*.json
scalability.50000.edges,5,50000.0,0.0,50000.0,50000.0,50000.0,50000.0,50000.0,raw_runs/scalability/size_50000_rep_*.json
scalability.100000.construction_sec,5,2.079025650024414,0.03483852193584703,2.0704565048217773,2.0429205894470215,2.136173963546753,2.0357679115860408,2.122283388462787,raw_runs/scalability/size_100000_rep_*.json
scalability.100000.poisoning_sec,5,10.968533658981324,0.5230137136332,10.959797143936157,10.245708465576172,11.481544494628906,10.319126360196126,11.617940957766521,raw_runs/scalability/size_100000_rep_*.json
scalability.100000.rule_engine_infer_sec,5,3.154132127761841,0.044147722150472635,3.149635076522827,3.1055009365081787,3.2057361602783203,3.099315490564896,3.2089487649587856,raw_runs/scalability/size_100000_rep_*.json
scalability.100000.evaluation_sec,5,0.0,0.0,0.0,0.0,0.0,0.0,0.0,raw_runs/scalability/size_100000_rep_*.json
scalability.100000.end_to_end_sec,5,16.20169143676758,0.5534051100535747,16.235989809036255,15.406464338302612,16.754476308822632,15.514548235192063,16.888834638343095,raw_runs/scalability/size_100000_rep_*.json
scalability.100000.peak_python_mb,5,98.14807682037353,0.0013780639080778628,98.14762496948242,98.14647769927979,98.14978885650635,98.14636572803165,98.14978791271541,raw_runs/scalability/size_100000_rep_*.json
scalability.100000.rss_delta_mb,5,63.31875,11.748709295279225,61.59375,53.5546875,83.00390625,48.73080064268987,77.90669935731013,raw_runs/scalability/size_100000_rep_*.json
scalability.100000.rule_engine_throughput_eps,5,31709.406534411584,443.3503900192163,31749.709909377576,31194.08304372686,32200.924116429305,31158.914316535127,32259.89875228804,raw_runs/scalability/size_100000_rep_*.json
scalability.100000.nodes,5,1738.0,0.0,1738.0,1738.0,1738.0,1738.0,1738.0,raw_runs/scalability/size_100000_rep_*.json
scalability.100000.edges,5,100000.0,0.0,100000.0,100000.0,100000.0,100000.0,100000.0,raw_runs/scalability/size_100000_rep_*.json
scalability.250000.construction_sec,5,5.224276447296143,0.07436306138482246,5.196497440338135,5.182530641555786,5.356363773345947,5.1319425111783925,5.316610383413893,raw_runs/scalability/size_250000_rep_*.json
scalability.250000.poisoning_sec,5,31.804339838027953,4.0056233765479625,29.57500457763672,28.487118005752563,36.600417375564575,26.83070150100495,36.77797817505096,raw_runs/scalability/size_250000_rep_*.json
scalability.250000.rule_engine_infer_sec,5,7.913778781890869,0.11769748826626598,7.9087865352630615,7.761922597885132,8.062495470046997,7.767638048031637,8.059919515750101,raw_runs/scalability/size_250000_rep_*.json
scalability.250000.evaluation_sec,5,0.0,0.0,0.0,0.0,0.0,0.0,0.0,raw_runs/scalability/size_250000_rep_*.json
scalability.250000.end_to_end_sec,5,44.94239506721497,4.029556537093049,42.533424615859985,41.67859625816345,49.692174673080444,39.9390397863799,49.94575034805003,raw_runs/scalability/size_250000_rep_*.json
scalability.250000.peak_python_mb,5,244.11345863342285,0.002232828880761647,244.1128158569336,244.11069011688232,244.11631774902344,244.11068621018745,244.11623105665825,raw_runs/scalability/size_250000_rep_*.json
scalability.250000.rss_delta_mb,5,218.12578125,72.25030292592677,194.828125,174.515625,346.30078125,128.41518124756064,307.8363812524393,raw_runs/scalability/size_250000_rep_*.json
scalability.250000.rule_engine_throughput_eps,5,31596.063984624052,470.1001913126367,31610.41189888235,31007.769359843463,32208.514945526094,31012.35750152245,32179.770467725655,raw_runs/scalability/size_250000_rep_*.json
scalability.250000.nodes,5,2930.0,0.0,2930.0,2930.0,2930.0,2930.0,2930.0,raw_runs/scalability/size_250000_rep_*.json
scalability.250000.edges,5,250000.0,0.0,250000.0,250000.0,250000.0,250000.0,250000.0,raw_runs/scalability/size_250000_rep_*.json
scalability.500000.construction_sec,5,10.929645919799805,0.0808038522356599,10.93649435043335,10.803187131881714,11.027229070663452,10.82931468556261,11.029977154037,raw_runs/scalability/size_500000_rep_*.json
scalability.500000.poisoning_sec,5,64.67722353935241,9.377614302943817,61.828102588653564,53.31632113456726,78.28001022338867,53.03337747034639,76.32106960835844,raw_runs/scalability/size_500000_rep_*.json
scalability.500000.rule_engine_infer_sec,5,17.10892171859741,0.050147495459671586,17.119453191757202,17.03808856010437,17.172555446624756,17.04665537888505,17.171188058309774,raw_runs/scalability/size_500000_rep_*.json
scalability.500000.evaluation_sec,5,0.0,0.0,0.0,0.0,0.0,0.0,0.0,raw_runs/scalability/size_500000_rep_*.json
scalability.500000.end_to_end_sec,5,92.71579117774964,9.338195094148883,89.81936573982239,81.51610565185547,106.3028314113617,81.12089052114196,104.31069183435731,raw_runs/scalability/size_500000_rep_*.json
scalability.500000.peak_python_mb,5,486.5882497787476,0.0056052165800116885,486.58907413482666,486.5821599960327,486.59572982788086,486.58128998311804,486.5952095743771,raw_runs/scalability/size_500000_rep_*.json
scalability.500000.rss_delta_mb,5,476.071875,115.58334542521712,425.09375,422.13671875,682.8046875,332.55619619355815,619.5875538064417,raw_runs/scalability/size_500000_rep_*.json
scalability.500000.rule_engine_throughput_eps,5,29224.71952141471,85.71095916560894,29206.54032575898,29116.225686624548,29346.0148558435,29118.29530916726,29331.14373366216,raw_runs/scalability/size_500000_rep_*.json
scalability.500000.nodes,5,4354.0,0.0,4354.0,4354.0,4354.0,4354.0,4354.0,raw_runs/scalability/size_500000_rep_*.json
scalability.500000.edges,5,500000.0,0.0,500000.0,500000.0,500000.0,500000.0,500000.0,raw_runs/scalability/size_500000_rep_*.json
scalability.1000000.construction_sec,5,21.206949949264526,0.17036646385985338,21.113706350326538,21.07896399497986,21.490834951400757,20.995412044588463,21.41848785394059,raw_runs/scalability/size_1000000_rep_*.json
scalability.1000000.poisoning_sec,5,131.48487219810485,10.501922997350336,130.74161028862,121.34969806671143,144.975754737854,118.44501250038678,144.52473189582292,raw_runs/scalability/size_1000000_rep_*.json
scalability.1000000.rule_engine_infer_sec,5,34.479575872421265,0.4638978084470464,34.4082887172699,34.098822832107544,35.24748229980469,33.903570664826944,35.055581080015585,raw_runs/scalability/size_1000000_rep_*.json
scalability.1000000.evaluation_sec,5,0.0,0.0,0.0,0.0,0.0,0.0,0.0,raw_runs/scalability/size_1000000_rep_*.json
scalability.1000000.end_to_end_sec,5,187.17139801979064,10.276377539100698,185.98513770103455,177.09634470939636,200.1882839202881,174.41158999753952,199.93120604204177,raw_runs/scalability/size_1000000_rep_*.json
scalability.1000000.peak_python_mb,5,971.4415214538574,0.005010685014319563,971.4417686462402,971.4342708587646,971.4474201202393,971.4352998666687,971.447743041046,raw_runs/scalability/size_1000000_rep_*.json
scalability.1000000.rss_delta_mb,5,1036.63984375,384.24831782055315,1123.265625,459.01171875,1501.4375,559.5325411418613,1513.7471463581387,raw_runs/scalability/size_1000000_rep_*.json
scalability.1000000.rule_engine_throughput_eps,5,29006.828149754612,385.6942492412965,29062.764737209643,28370.820687114472,29326.52557901199,28527.925486157466,29485.730813351758,raw_runs/scalability/size_1000000_rep_*.json
scalability.1000000.nodes,5,6477.0,0.0,6477.0,6477.0,6477.0,6477.0,6477.0,raw_runs/scalability/size_1000000_rep_*.json
scalability.1000000.edges,5,1000000.0,0.0,1000000.0,1000000.0,1000000.0,1000000.0,1000000.0,raw_runs/scalability/size_1000000_rep_*.json
leakage.leaky_GS.precision,10,0.6020932762341431,0.18266932769643518,0.5941176470588235,0.36666666666666664,0.9090909090909091,0.4714195111574798,0.7327670413108064,raw_runs/corrected_multiseed.json::original_leaky
leakage.clean_GS.precision,10,0.20556811256843366,0.10060632060494255,0.19168356997971603,0.109375,0.4444444444444444,0.1335986863393892,0.2775375387974781,raw_runs/corrected_multiseed.json::per_seed[].graphsage_clean
leakage.clean_RE.precision,10,0.3394232114606877,0.04649881283249375,0.33436724565756826,0.2647058823529412,0.4117647058823529,0.30615996458152595,0.3726864583398495,raw_runs/corrected_multiseed.json::per_seed[].rule_engine
leakage.leaky_GS.recall,10,0.6133333333333334,0.09322745317068012,0.6333333333333333,0.4666666666666667,0.7333333333333333,0.5466424308816307,0.6800242357850361,raw_runs/corrected_multiseed.json::original_leaky
leakage.clean_GS.recall,10,0.4,0.12570787221094176,0.4,0.2,0.6,0.310074005479025,0.489925994520975,raw_runs/corrected_multiseed.json::per_seed[].graphsage_clean
leakage.clean_RE.recall,10,0.7266666666666667,0.10634209879115913,0.7,0.6,0.9333333333333333,0.6505941119009964,0.802739221432337,raw_runs/corrected_multiseed.json::per_seed[].rule_engine
leakage.leaky_GS.f1,10,0.5876032445423485,0.08837563422040272,0.5857142857142857,0.47058823529411764,0.7692307692307692,0.524383124283246,0.650823364801451,raw_runs/corrected_multiseed.json::original_leaky
leakage.clean_GS.f1,10,0.2460605385582125,0.05802929752518548,0.259170653907496,0.17721518987341772,0.33333333333333337,0.20454887982494466,0.2875721972914803,raw_runs/corrected_multiseed.json::per_seed[].graphsage_clean
leakage.clean_RE.f1,10,0.4619921189296548,0.062139889938635624,0.43690349946977725,0.36734693877551017,0.5714285714285713,0.4175399195257948,0.5064443183335148,raw_runs/corrected_multiseed.json::per_seed[].rule_engine
leakage.leaky_GS.roc_auc,10,0.9113414634146342,0.025095897184462822,0.9157520325203252,0.8636178861788618,0.943089430894309,0.8933889400521989,0.9292939867770694,raw_runs/corrected_multiseed.json::original_leaky
leakage.clean_GS.roc_auc,10,0.6633739837398374,0.06190097294429918,0.6590447154471544,0.5754065040650407,0.7453252032520326,0.6190926952578297,0.707655272221845,raw_runs/corrected_multiseed.json::per_seed[].graphsage_clean
leakage.clean_RE.roc_auc,10,0.8045934959349592,0.05553094504133503,0.7839430894308943,0.7298780487804879,0.9121951219512194,0.7648690509045628,0.8443179409653556,raw_runs/corrected_multiseed.json::per_seed[].rule_engine
leakage.leaky_GS.pr_auc,10,0.5835770414468245,0.10649308443750045,0.5606695423745671,0.41653767955585796,0.7652546989207605,0.5073964780563415,0.6597576048373076,raw_runs/corrected_multiseed.json::original_leaky
leakage.clean_GS.pr_auc,10,0.24273185831916547,0.05471285133250247,0.2359404766555238,0.17377594161208348,0.35057531115479695,0.20359264227311355,0.2818710743652174,raw_runs/corrected_multiseed.json::per_seed[].graphsage_clean
leakage.clean_RE.pr_auc,10,0.3243301071583248,0.07253154697868051,0.3501958310806752,0.22371563150399826,0.42754737649249647,0.27244416412638994,0.3762160501902596,raw_runs/corrected_multiseed.json::per_seed[].rule_engine
leakage.leaky_GS.mcc,10,0.5588321437192875,0.09909987942061206,0.5501468226480555,0.4194295964163967,0.7621401275341811,0.4879403605948925,0.6297239268436825,raw_runs/corrected_multiseed.json::original_leaky
leakage.clean_GS.mcc,10,0.16823570467460425,0.07960390507103103,0.1804647141293254,0.06885907106862593,0.2994765790041312,0.11129050143980898,0.2251809079093995,raw_runs/corrected_multiseed.json::per_seed[].graphsage_clean
leakage.clean_RE.mcc,10,0.43095718598095517,0.07746904909910839,0.3979775402783294,0.316152270982724,0.5731516193292617,0.3755391667089275,0.48637520525298283,raw_runs/corrected_multiseed.json::per_seed[].rule_engine
scoring_universe.f1_all,10,0.8048056201634507,0.06265224024232831,0.8116554054054055,0.6829268292682926,0.8749999999999999,0.7599869074315679,0.8496243328953335,raw_runs/gt_sensitivity.json::summary
scoring_universe.f1_det,10,0.8048056201634507,0.06265224024232831,0.8116554054054055,0.6829268292682926,0.8749999999999999,0.7599869074315679,0.8496243328953335,raw_runs/gt_sensitivity.json::summary
scoring_universe.f1_repo_universe,10,0.8452919849842877,0.05134674393880523,0.8421985815602837,0.7450980392156863,0.9047619047619048,0.808560737108556,0.8820232328600194,raw_runs/gt_sensitivity.json::summary
scoring_universe.precision_all,10,0.7145983045087905,0.0948004970476575,0.702020202020202,0.5384615384615384,0.8666666666666667,0.6467821142562971,0.7824144947612839,raw_runs/gt_sensitivity.json::summary
scoring_universe.precision_det,10,0.7145983045087905,0.0948004970476575,0.702020202020202,0.5384615384615384,0.8666666666666667,0.6467821142562971,0.7824144947612839,raw_runs/gt_sensitivity.json::summary
scoring_universe.precision_repo_universe,10,0.7700279939270122,0.08222767250145795,0.7567340067340067,0.6129032258064516,0.9,0.7112058605412,0.8288501273128243,raw_runs/gt_sensitivity.json::summary
scoring_universe.recall_all,10,0.9328571428571429,0.06287197195608517,0.9333333333333333,0.8,1.0,0.8878812435263634,0.9778330421879224,raw_runs/gt_sensitivity.json::summary
scoring_universe.recall_det,10,0.9328571428571429,0.06287197195608517,0.9333333333333333,0.8,1.0,0.8878812435263634,0.9778330421879224,raw_runs/gt_sensitivity.json::summary
scoring_universe.recall_repo_universe,10,0.9444736842105262,0.050275479950688526,0.95,0.85,1.0,0.9085087724268115,0.980438595994241,raw_runs/gt_sensitivity.json::summary
scoring_universe.roc_auc_all,10,0.9528455284552846,0.031154116052006353,0.9536585365853658,0.8853658536585366,0.991869918699187,0.9305592163880703,0.9751318405224989,raw_runs/gt_sensitivity.json::summary
scoring_universe.roc_auc_det,10,0.9528455284552846,0.031154116052006353,0.9536585365853658,0.8853658536585366,0.991869918699187,0.9305592163880703,0.9751318405224989,raw_runs/gt_sensitivity.json::summary
scoring_universe.roc_auc_repo_universe,10,0.9582814505776636,0.025273394578948533,0.9607469512195121,0.9103658536585365,0.9916158536585366,0.9402019532282911,0.976360947927036,raw_runs/gt_sensitivity.json::summary
poisoning.random_deletion.requested,10,5.0,0.0,5.0,5.0,5.0,5.0,5.0,
poisoning.random_deletion.successful_events,10,5.0,0.0,5.0,5.0,5.0,5.0,5.0,
poisoning.random_deletion.gt_positive_count,10,5.0,0.0,5.0,5.0,5.0,5.0,5.0,
poisoning.random_deletion.unique_gt_ids,10,5.0,0.0,5.0,5.0,5.0,5.0,5.0,
poisoning.random_deletion.duplicate_gt_ids,10,0.0,0.0,0.0,0.0,0.0,0.0,0.0,
poisoning.random_deletion.duplicate_final_edge_ids,10,0.0,0.0,0.0,0.0,0.0,0.0,0.0,
poisoning.random_deletion.gt_ids_absent_from_final_graph,10,5.0,0.0,5.0,5.0,5.0,5.0,5.0,
poisoning.random_insertion.requested,10,5.0,0.0,5.0,5.0,5.0,5.0,5.0,
poisoning.random_insertion.successful_events,10,5.0,0.0,5.0,5.0,5.0,5.0,5.0,
poisoning.random_insertion.gt_positive_count,10,5.0,0.0,5.0,5.0,5.0,5.0,5.0,
poisoning.random_insertion.unique_gt_ids,10,5.0,0.0,5.0,5.0,5.0,5.0,5.0,
poisoning.random_insertion.duplicate_gt_ids,10,0.0,0.0,0.0,0.0,0.0,0.0,0.0,
poisoning.random_insertion.duplicate_final_edge_ids,10,0.0,0.0,0.0,0.0,0.0,0.0,0.0,
poisoning.random_insertion.gt_ids_absent_from_final_graph,10,0.0,0.0,0.0,0.0,0.0,0.0,0.0,
poisoning.random_reordering.requested,10,5.0,0.0,5.0,5.0,5.0,5.0,5.0,
poisoning.random_reordering.successful_events,10,5.0,0.0,5.0,5.0,5.0,5.0,5.0,
poisoning.random_reordering.gt_positive_count,10,5.0,0.0,5.0,5.0,5.0,5.0,5.0,
poisoning.random_reordering.unique_gt_ids,10,5.0,0.0,5.0,5.0,5.0,5.0,5.0,
poisoning.random_reordering.duplicate_gt_ids,10,0.0,0.0,0.0,0.0,0.0,0.0,0.0,
poisoning.random_reordering.duplicate_final_edge_ids,10,0.0,0.0,0.0,0.0,0.0,0.0,0.0,
poisoning.random_reordering.gt_ids_absent_from_final_graph,10,0.0,0.0,0.0,0.0,0.0,0.0,0.0,
poisoning.random_dependency_forgery.requested,10,5.0,0.0,5.0,5.0,5.0,5.0,5.0,
poisoning.random_dependency_forgery.successful_events,10,5.0,0.0,5.0,5.0,5.0,5.0,5.0,
poisoning.random_dependency_forgery.gt_positive_count,10,5.0,0.0,5.0,5.0,5.0,5.0,5.0,
poisoning.random_dependency_forgery.unique_gt_ids,10,5.0,0.0,5.0,5.0,5.0,5.0,5.0,
poisoning.random_dependency_forgery.duplicate_gt_ids,10,0.0,0.0,0.0,0.0,0.0,0.0,0.0,
poisoning.random_dependency_forgery.duplicate_final_edge_ids,10,0.0,0.0,0.0,0.0,0.0,0.0,0.0,
poisoning.random_dependency_forgery.gt_ids_absent_from_final_graph,10,0.0,0.0,0.0,0.0,0.0,0.0,0.0,
poisoning.targeted_deletion.requested,10,5.0,0.0,5.0,5.0,5.0,5.0,5.0,
poisoning.targeted_deletion.successful_events,10,5.0,0.0,5.0,5.0,5.0,5.0,5.0,
poisoning.targeted_deletion.gt_positive_count,10,5.0,0.0,5.0,5.0,5.0,5.0,5.0,
poisoning.targeted_deletion.unique_gt_ids,10,5.0,0.0,5.0,5.0,5.0,5.0,5.0,
poisoning.targeted_deletion.duplicate_gt_ids,10,0.0,0.0,0.0,0.0,0.0,0.0,0.0,
poisoning.targeted_deletion.duplicate_final_edge_ids,10,0.0,0.0,0.0,0.0,0.0,0.0,0.0,
poisoning.targeted_deletion.gt_ids_absent_from_final_graph,10,5.0,0.0,5.0,5.0,5.0,5.0,5.0,
poisoning.targeted_insertion.requested,10,5.0,0.0,5.0,5.0,5.0,5.0,5.0,
poisoning.targeted_insertion.successful_events,10,5.0,0.0,5.0,5.0,5.0,5.0,5.0,
poisoning.targeted_insertion.gt_positive_count,10,5.0,0.0,5.0,5.0,5.0,5.0,5.0,
poisoning.targeted_insertion.unique_gt_ids,10,5.0,0.0,5.0,5.0,5.0,5.0,5.0,
poisoning.targeted_insertion.duplicate_gt_ids,10,0.0,0.0,0.0,0.0,0.0,0.0,0.0,
poisoning.targeted_insertion.duplicate_final_edge_ids,10,0.0,0.0,0.0,0.0,0.0,0.0,0.0,
poisoning.targeted_insertion.gt_ids_absent_from_final_graph,10,0.0,0.0,0.0,0.0,0.0,0.0,0.0,
poisoning.targeted_reordering.requested,10,5.0,0.0,5.0,5.0,5.0,5.0,5.0,
poisoning.targeted_reordering.successful_events,10,10.0,0.0,10.0,10.0,10.0,10.0,10.0,
poisoning.targeted_reordering.gt_positive_count,10,10.0,0.0,10.0,10.0,10.0,10.0,10.0,
poisoning.targeted_reordering.unique_gt_ids,10,7.8,0.9189365834726815,8.0,6.0,9.0,7.142632368863729,8.45736763113627,
poisoning.targeted_reordering.duplicate_gt_ids,10,2.2,0.9189365834726815,2.0,1.0,4.0,1.5426323688637296,2.857367631136271,
poisoning.targeted_reordering.duplicate_final_edge_ids,10,0.0,0.0,0.0,0.0,0.0,0.0,0.0,
poisoning.targeted_reordering.gt_ids_absent_from_final_graph,10,0.0,0.0,0.0,0.0,0.0,0.0,0.0,
poisoning.targeted_dependency_forgery.requested,10,5.0,0.0,5.0,5.0,5.0,5.0,5.0,
poisoning.targeted_dependency_forgery.successful_events,10,5.0,0.0,5.0,5.0,5.0,5.0,5.0,
poisoning.targeted_dependency_forgery.gt_positive_count,10,5.0,0.0,5.0,5.0,5.0,5.0,5.0,
poisoning.targeted_dependency_forgery.unique_gt_ids,10,5.0,0.0,5.0,5.0,5.0,5.0,5.0,
poisoning.targeted_dependency_forgery.duplicate_gt_ids,10,0.0,0.0,0.0,0.0,0.0,0.0,0.0,
poisoning.targeted_dependency_forgery.duplicate_final_edge_ids,10,0.0,0.0,0.0,0.0,0.0,0.0,0.0,
poisoning.targeted_dependency_forgery.gt_ids_absent_from_final_graph,10,0.0,0.0,0.0,0.0,0.0,0.0,0.0,
mimicry_audit.none.base_edges,10,234.0,0.0,234.0,234.0,234.0,234.0,234.0,
mimicry_audit.none.noise_edges,10,0.0,0.0,0.0,0.0,0.0,0.0,0.0,
mimicry_audit.none.final_edges,10,234.0,0.0,234.0,234.0,234.0,234.0,234.0,
mimicry_audit.none.mimicry_edges_flagged_by_rules,10,0.0,0.0,0.0,0.0,0.0,0.0,0.0,
mimicry_audit.none.mimicry_edges_benign_count,10,0.0,0.0,0.0,0.0,0.0,0.0,0.0,
mimicry_audit.none.mimicry_edges_with_leaky_attributes,10,0.0,0.0,0.0,0.0,0.0,0.0,0.0,
mimicry_audit.none.detector_positives,10,18.8,3.0477678535099892,19.0,13.0,24.0,16.61975821819624,20.980241781803763,
mimicry_audit.none.gt_positives,10,20.0,0.0,20.0,20.0,20.0,20.0,20.0,
mimicry_audit.none.tp,10,15.7,1.888562063228706,15.5,13.0,20.0,14.349004085715137,17.05099591428486,
mimicry_audit.none.fp,10,3.1,1.6633299933166201,3.0,0.0,5.0,1.9101254023728163,4.289874597627184,
mimicry_audit.none.fn,10,4.3,1.888562063228706,4.5,0.0,7.0,2.949004085715138,5.650995914284861,
mimicry_audit.none.precision,10,0.843467123691582,0.07592813670481345,0.8377192982456141,0.75,1.0,0.7891514067423091,0.897782840640855,
mimicry_audit.none.recall,10,0.785,0.0944281031614353,0.775,0.65,1.0,0.7174502042857569,0.8525497957142432,
mimicry_audit.none.f1,10,0.8078315271832601,0.048296143281397086,0.7886762360446571,0.75,0.9090909090909091,0.773282547555164,0.8423805068113562,
mimicry_audit.light.base_edges,10,234.0,0.0,234.0,234.0,234.0,234.0,234.0,
mimicry_audit.light.noise_edges,10,70.0,0.0,70.0,70.0,70.0,70.0,70.0,
mimicry_audit.light.final_edges,10,304.0,0.0,304.0,304.0,304.0,304.0,304.0,
mimicry_audit.light.mimicry_edges_flagged_by_rules,10,36.6,4.6951511631090685,37.0,29.0,45.0,33.24129119089373,39.95870880910627,
mimicry_audit.light.mimicry_edges_benign_count,10,33.4,4.6951511631090685,33.0,25.0,41.0,30.041291190893727,36.75870880910627,
mimicry_audit.light.mimicry_edges_with_leaky_attributes,10,70.0,0.0,70.0,70.0,70.0,70.0,70.0,
mimicry_audit.light.detector_positives,10,96.4,12.773235907770419,97.0,74.0,113.0,87.26257748178396,105.53742251821605,
mimicry_audit.light.gt_positives,10,20.0,0.0,20.0,20.0,20.0,20.0,20.0,
mimicry_audit.light.tp,10,16.6,1.505545305418162,16.0,15.0,20.0,15.522997768517406,17.677002231482597,
mimicry_audit.light.fp,10,79.8,11.914510294408057,80.0,59.0,97.0,71.27687277963662,88.32312722036338,
mimicry_audit.light.fn,10,3.4,1.505545305418162,4.0,0.0,5.0,2.3229977685174044,4.4770022314825955,
mimicry_audit.light.precision,10,0.17389078811372943,0.01800694372619405,0.17612444120062037,0.1415929203539823,0.20270270270270271,0.1610093965637714,0.18677217966368748,
mimicry_audit.light.recall,10,0.8300000000000001,0.0752772652709081,0.8,0.75,1.0,0.7761498884258703,0.8838501115741298,
mimicry_audit.light.f1,10,0.28682573748976414,0.02469362536580225,0.2952991452991453,0.24060150375939848,0.3191489361702128,0.2691609820508851,0.30449049292864316,
mimicry_audit.medium.base_edges,10,234.0,0.0,234.0,234.0,234.0,234.0,234.0,
mimicry_audit.medium.noise_edges,10,163.0,0.0,163.0,163.0,163.0,163.0,163.0,
mimicry_audit.medium.final_edges,10,397.0,0.0,397.0,397.0,397.0,397.0,397.0,
mimicry_audit.medium.mimicry_edges_flagged_by_rules,10,108.9,6.063552314169201,109.0,100.0,120.0,104.56239597734466,113.23760402265535,
mimicry_audit.medium.mimicry_edges_benign_count,10,54.1,6.0635523141692005,54.0,43.0,63.0,49.76239597734466,58.43760402265534,
mimicry_audit.medium.mimicry_edges_with_leaky_attributes,10,163.0,0.0,163.0,163.0,163.0,163.0,163.0,
mimicry_audit.medium.detector_positives,10,190.3,21.00819945746052,191.0,161.0,226.0,175.27163943609645,205.32836056390357,
mimicry_audit.medium.gt_positives,10,20.0,0.0,20.0,20.0,20.0,20.0,20.0,
mimicry_audit.medium.tp,10,16.0,1.8257418583505538,16.0,13.0,20.0,14.693942953109216,17.306057046890782,
mimicry_audit.medium.fp,10,174.3,20.49417261347994,176.0,146.0,209.0,159.63935208879226,188.96064791120776,
mimicry_audit.medium.fn,10,4.0,1.8257418583505538,4.0,0.0,7.0,2.6939429531092163,5.306057046890784,
mimicry_audit.medium.precision,10,0.08469996488627571,0.010974430497908466,0.08202687569988801,0.06735751295336788,0.10152284263959391,0.0768493302405018,0.09255059953204961,
mimicry_audit.medium.recall,10,0.8,0.09128709291752768,0.8,0.65,1.0,0.7346971476554609,0.8653028523445392,
mimicry_audit.medium.f1,10,0.15303709555774533,0.018964867080789916,0.14835164835164832,0.12206572769953053,0.18433179723502302,0.13947044692068655,0.16660374419480412,
mimicry_audit.heavy.base_edges,10,234.0,0.0,234.0,234.0,234.0,234.0,234.0,
mimicry_audit.heavy.noise_edges,10,351.0,0.0,351.0,351.0,351.0,351.0,351.0,
mimicry_audit.heavy.final_edges,10,585.0,0.0,585.0,585.0,585.0,585.0,585.0,
mimicry_audit.heavy.mimicry_edges_flagged_by_rules,10,281.8,7.405703507732702,282.0,270.0,294.0,276.50227885217225,287.09772114782777,
mimicry_audit.heavy.mimicry_edges_benign_count,10,69.2,7.405703507732702,69.0,57.0,81.0,63.90227885217224,74.49772114782776,
mimicry_audit.heavy.mimicry_edges_with_leaky_attributes,10,351.0,0.0,351.0,351.0,351.0,351.0,351.0,
mimicry_audit.heavy.detector_positives,10,389.8,16.956152603438998,390.5,361.0,417.0,377.67029913643745,401.9297008635626,
mimicry_audit.heavy.gt_positives,10,20.0,0.0,20.0,20.0,20.0,20.0,20.0,
mimicry_audit.heavy.tp,10,17.1,1.7919573407620815,18.0,14.0,20.0,15.818110941081018,18.381889058918983,
mimicry_audit.heavy.fp,10,372.7,16.282574189059364,372.5,345.0,397.0,361.0521481068767,384.3478518931233,
mimicry_audit.heavy.fn,10,2.9,1.7919573407620817,2.0,0.0,6.0,1.6181109410810173,4.1818890589189825,
mimicry_audit.heavy.precision,10,0.04386845872997864,0.004101174306910177,0.04512298558100085,0.03508771929824561,0.047961630695443645,0.04093465536694099,0.046802262093016286,
mimicry_audit.heavy.recall,10,0.8549999999999999,0.08959786703810409,0.9,0.7,1.0,0.7909055470540507,0.919094452945949,
mimicry_audit.heavy.f1,10,0.08344825428936457,0.007809269633379977,0.08593647628542944,0.06682577565632458,0.09153318077803205,0.0778618393265392,0.08903466925218995,
rule_score.none.roc_auc_count_score,10,0.850228310502283,0.06176637720926803,0.8411719939117199,0.7666666666666666,0.9933028919330289,0.806043306008844,0.894413314995722,raw_runs/rule_score_audit.json::results[none][roc_auc_count_score]
rule_score.none.pr_auc_count_score,10,0.6041232305705989,0.11235721305361177,0.5854090354090353,0.46581196581196577,0.8456140350877193,0.5237477222770804,0.6844987388641174,raw_runs/rule_score_audit.json::results[none][pr_auc_count_score]
rule_score.none.roc_auc_binary_flag,10,0.8495890410958904,0.061257295713518026,0.8420091324200913,0.7666666666666666,0.9908675799086758,0.8057682115661381,0.8934098706256427,raw_runs/rule_score_audit.json::results[none][roc_auc_binary_flag]
rule_score.none.paper_reported_roc_auc,10,1.0,0.0,1.0,1.0,1.0,1.0,1.0,raw_runs/rule_score_audit.json::results[none][paper_reported_roc_auc]
rule_score.none.edges_flagged,10,13.8,3.0477678535099892,14.0,8.0,19.0,11.61975821819624,15.98024178180376,raw_runs/rule_score_audit.json::results[none][edges_flagged]
rule_score.none.edges,10,234.0,0.0,234.0,234.0,234.0,234.0,234.0,raw_runs/rule_score_audit.json::results[none][edges]
rule_score.none.gt_positives,10,15.0,0.0,15.0,15.0,15.0,15.0,15.0,raw_runs/rule_score_audit.json::results[none][gt_positives]
rule_score.light.roc_auc_count_score,10,0.7258592848904267,0.035421657737699654,0.7160322952710496,0.6720876585928489,0.8019607843137254,0.700520157406834,0.7511984123740194,raw_runs/rule_score_audit.json::results[light][roc_auc_count_score]
rule_score.light.pr_auc_count_score,10,0.11104372391316183,0.014687347167974759,0.10888054146901696,0.09417522920686199,0.1391684136967156,0.1005370286861624,0.12155041914016126,raw_runs/rule_score_audit.json::results[light][pr_auc_count_score]
rule_score.light.roc_auc_binary_flag,10,0.7486043829296425,0.04302953117217405,0.7332179930795848,0.6988465974625143,0.8391003460207612,0.7178229106449477,0.7793858552143372,raw_runs/rule_score_audit.json::results[light][roc_auc_binary_flag]
rule_score.light.paper_reported_roc_auc,10,1.0,0.0,1.0,1.0,1.0,1.0,1.0,raw_runs/rule_score_audit.json::results[light][paper_reported_roc_auc]
rule_score.light.edges_flagged,10,91.4,12.773235907770419,92.0,69.0,108.0,82.26257748178396,100.53742251821605,raw_runs/rule_score_audit.json::results[light][edges_flagged]
rule_score.light.edges,10,304.0,0.0,304.0,304.0,304.0,304.0,304.0,raw_runs/rule_score_audit.json::results[light][edges]
rule_score.light.gt_positives,10,15.0,0.0,15.0,15.0,15.0,15.0,15.0,raw_runs/rule_score_audit.json::results[light][gt_positives]
rule_score.medium.roc_auc_count_score,10,0.6025741710296685,0.0581870293705237,0.5962914485165794,0.5420593368237347,0.7422338568935427,0.5609496777315465,0.6441986643277905,raw_runs/rule_score_audit.json::results[medium][roc_auc_count_score]
rule_score.medium.pr_auc_count_score,10,0.053364809127151094,0.010688561795354459,0.05038734437464758,0.04259191196515245,0.07791187739463601,0.04571867263195008,0.06101094562235211,raw_runs/rule_score_audit.json::results[medium][pr_auc_count_score]
rule_score.medium.roc_auc_binary_flag,10,0.6385253054101222,0.06031529714088961,0.6385689354275743,0.5310645724258289,0.7683246073298429,0.5953783410647141,0.6816722697555303,raw_runs/rule_score_audit.json::results[medium][roc_auc_binary_flag]
rule_score.medium.paper_reported_roc_auc,10,1.0,0.0,1.0,1.0,1.0,1.0,1.0,raw_runs/rule_score_audit.json::results[medium][paper_reported_roc_auc]
rule_score.medium.edges_flagged,10,185.3,21.00819945746052,186.0,156.0,221.0,170.27163943609645,200.32836056390357,raw_runs/rule_score_audit.json::results[medium][edges_flagged]
rule_score.medium.edges,10,397.0,0.0,397.0,397.0,397.0,397.0,397.0,raw_runs/rule_score_audit.json::results[medium][edges]
rule_score.medium.gt_positives,10,15.0,0.0,15.0,15.0,15.0,15.0,15.0,raw_runs/rule_score_audit.json::results[medium][gt_positives]
rule_score.heavy.roc_auc_count_score,10,0.5421988304093567,0.06308257367016303,0.5561111111111111,0.42742690058479527,0.6267251461988305,0.49707227568800233,0.587325385130711,raw_runs/rule_score_audit.json::results[heavy][roc_auc_count_score]
rule_score.heavy.pr_auc_count_score,10,0.037284468227387124,0.016779452820009536,0.03311173772361199,0.02594376703965745,0.08415839770948211,0.02528117077418436,0.04928776568058989,raw_runs/rule_score_audit.json::results[heavy][pr_auc_count_score]
rule_score.heavy.roc_auc_binary_flag,10,0.5764035087719298,0.0566670136803719,0.5991228070175438,0.46228070175438596,0.6517543859649123,0.5358663691949417,0.6169406483489179,raw_runs/rule_score_audit.json::results[heavy][roc_auc_binary_flag]
rule_score.heavy.paper_reported_roc_auc,10,1.0,0.0,1.0,1.0,1.0,1.0,1.0,raw_runs/rule_score_audit.json::results[heavy][paper_reported_roc_auc]
rule_score.heavy.edges_flagged,10,384.8,16.956152603438998,385.5,356.0,412.0,372.67029913643745,396.9297008635626,raw_runs/rule_score_audit.json::results[heavy][edges_flagged]
rule_score.heavy.edges,10,585.0,0.0,585.0,585.0,585.0,585.0,585.0,raw_runs/rule_score_audit.json::results[heavy][edges]
rule_score.heavy.gt_positives,10,15.0,0.0,15.0,15.0,15.0,15.0,15.0,raw_runs/rule_score_audit.json::results[heavy][gt_positives]
rule_statistics.DuplicateEdgeRule.violations,10,0.0,0.0,0.0,0.0,0.0,0.0,0.0,raw_runs/synthetic/seed_*.json::rule_engine.per_rule_counts
rule_statistics.DuplicateEventRule.violations,10,0.0,0.0,0.0,0.0,0.0,0.0,0.0,raw_runs/synthetic/seed_*.json::rule_engine.per_rule_counts
rule_statistics.SpawnConsistencyRule.violations,10,2.1,1.5951314818673865,2.0,0.0,5.0,0.9589116785149452,3.241088321485055,raw_runs/synthetic/seed_*.json::rule_engine.per_rule_counts
rule_statistics.ExecutionConsistencyRule.violations,10,0.0,0.0,0.0,0.0,0.0,0.0,0.0,raw_runs/synthetic/seed_*.json::rule_engine.per_rule_counts
rule_statistics.ReadWriteConsistencyRule.violations,10,8.6,2.4585451886114367,8.5,6.0,12.0,6.841262720685858,10.358737279314141,raw_runs/synthetic/seed_*.json::rule_engine.per_rule_counts
rule_statistics.NetworkConsistencyRule.violations,10,2.1,2.2335820757001272,1.5,0.0,7.0,0.5021916370956223,3.697808362904378,raw_runs/synthetic/seed_*.json::rule_engine.per_rule_counts
rule_statistics.DeleteConsistencyRule.violations,10,0.0,0.0,0.0,0.0,0.0,0.0,0.0,raw_runs/synthetic/seed_*.json::rule_engine.per_rule_counts
rule_statistics.SelfLoopRule.violations,10,0.0,0.0,0.0,0.0,0.0,0.0,0.0,raw_runs/synthetic/seed_*.json::rule_engine.per_rule_counts
rule_statistics.MissingNodeRule.violations,10,0.0,0.0,0.0,0.0,0.0,0.0,0.0,raw_runs/synthetic/seed_*.json::rule_engine.per_rule_counts
rule_statistics.TimestampRule.violations,10,0.0,0.0,0.0,0.0,0.0,0.0,0.0,raw_runs/synthetic/seed_*.json::rule_engine.per_rule_counts
rule_statistics.UnspawnedProcessRule.violations,10,1.0,1.0540925533894598,1.0,0.0,3.0,0.24594761240059837,1.7540523875994016,raw_runs/synthetic/seed_*.json::rule_engine.per_rule_counts
rule_statistics.SequenceGapRule.violations,10,4.9,0.31622776601683794,5.0,4.0,5.0,4.67378428372018,5.1262157162798205,raw_runs/synthetic/seed_*.json::rule_engine.per_rule_counts
rule_statistics.ParentChildTemporalRule.violations,10,1.2,1.2292725943057183,1.0,0.0,4.0,0.3206313603429293,2.0793686396570705,raw_runs/synthetic/seed_*.json::rule_engine.per_rule_counts
rule_statistics.ProcessActivityTemporalRule.violations,10,2.2,1.4757295747452437,2.0,0.0,4.0,1.144326657360838,3.255673342639162,raw_runs/synthetic/seed_*.json::rule_engine.per_rule_counts
rule_statistics.SequenceMonotonicityRule.violations,10,7.2,2.14993539954628,8.0,4.0,10.0,5.662028864543768,8.737971135456231,raw_runs/synthetic/seed_*.json::rule_engine.per_rule_counts
